Closed_ACV_ID,Pipeline_Deal_ID,Deal_Name,Customer_Name,Close_Date,Logo_Type,Value_Type,Amount,License_ACV,Implementation_Value,Region,Vertical,Segment,Platform,Sales_Rep,SOW_ID,Sold By,
T1402,3.08E+11,Citgo - Quantum Upgrade Implementation Fees,CITGO Petroleum Corporation,1/1/2024,Upsell,Implementation,440000,,"440,000",,,,,Mayur Jain,2920,TSO,Implementation
T1403,,Signify - TSO Implementation,Signify,1/1/2024,Upsell,Implementation,5618.310912,,"5,618",,,,,Mayur Jain,1010,TSO,Implementation
T1404,,ABM - Helpdesk/Premium Support,ABM,1/1/2024,Upsell,Implementation,60000,,"60,000",,,,,Mayur Jain,7,TSO,Implementation
T1405,3.08E+11,World Economic Forum - S2P Implementation Fees,World Economic Forum,1/1/2024,New,Implementation,374253.6519,,"374,254",,,,,Stephan Hesselgren,2900,Sales,Implementation
T1406,3.08E+11,Fluidra - Spend license,Zodiac Pool Systems LLC,1/1/2024,Upsell,License,"5,000",5000,,,,,,Jack Keogh,2363,Sales,License
T1407,,Bega Cheese - Helpdesk Support,Bega Cheese Limited,1/1/2024,Upsell,Implementation,40317,,"40,317",,,,,Bharath Raghavan,2384,TSO,Implementation
T1408,,Carvajal - S2C Implementation Fees,Carvajal Propiedades e Inversiones S.A.,1/1/2024,Upsell,Implementation,55000,,"55,000",,,,,Maria Tinoco,2464,TSO,Implementation
T1409,,Grupo Bimbo - Sourcing License,"CORPORATIVO BIMBO, S.A. DE C.V.,",1/1/2024,Upsell,License,"20,000",20000,,,,,,Mayur Jain,1535,TSO,License
T1410,3.08E+11,GrafTech - S2C Implementation Fees,GrafTech Switzerland SA,1/1/2024,New,Implementation,660000,,"660,000",,,,,Brian Bergersen,2896,Sales,Implementation
T1411,0066F000015z0YUQAY,Philips - S2C Software License,Philips Electronics Nederland B.V.,1/1/2024,New,License,"1,284,000",1284000,,,,,,Ashwin Kumar,2930,GD,License
T1412,0066F000015z0YUQAY,Philips - S2C Software Implementation,Philips Electronics Nederland B.V.,1/1/2024,New,Implementation,1819000,,"1,819,000",,,,,Ashwin Kumar,2434,GD,Implementation
T1413,3.08E+11,Bekaert - Implementation,"NV BEKAERT S.A.,",1/1/2024,Upsell,Implementation,6881.76,,"6,882",,,,,Sharan Ramesh,1569,TSO,Implementation
T1415,3.08E+11,Kiewit - License Fee,Kiewit Corporation,1/1/2024,Upsell,License,"310,000",310000,,,,,,Mayur Jain,1035,TSO,License
T1416,3.08E+11,Hamilton - Contract Implementation Fees,Hamilton Company,1/1/2024,Upsell,Implementation,20000,,"20,000",,,,,Ravisankar V,2937,Sales,Implementation
T1417,3.08E+11,PSP - S2P Implmentation Fees,PUBLIC SECTOR PENSION INVESTMENT BOARD,1/1/2024,Upsell,Implementation,52605,,"52,605",,,,,Doss Kuppuswamy,2736,TSO,Implementation
T1418,3.08E+11,3A - S2P License Fees,"3A Composites USA, Inc.",1/1/2024,New,License,"150,000",150000,,,,,,Abhishek Garde,2938,Sales,License
T1419,3.08E+11,3A - S2P Implementation Fees,"3A Composites USA, Inc.",1/1/2024,New,Implementation,175000,,"175,000",,,,,Abhishek Garde,2939,Sales,Implementation
T1420,3.08E+11,Protiviti - Spend License Fees,Protiviti Inc.,1/1/2024,New,License,"15,000",15000,,,,,,Ken Legge,2940,Sales,License
T1421,3.08E+11,Protiviti - Spend Analysis Fees,Protiviti Inc.,1/1/2024,New,Implementation,30000,,"30,000",,,,,Ken Legge,2941,Sales,Implementation
T1423,3.08E+11,OGE Energy Corp. - Implementation (P2P),OGE Energy Corp.,2/1/2024,Upsell,Implementation,120000,,"120,000",,,,,Mayur Jain,663,TSO,Implementation
T1424,3.08E+11,OC Tanner - P2P Implentation Fees,O.C. Tanner Recognition Company,2/1/2024,Upsell,Implementation,150000,,"150,000",,,,,Ravisankar V,2713,Sales,0
T1425,3.08E+11,OGE Energy Corp. - ASN CR,OGE Energy Corp.,2/1/2024,Upsell,Implementation,25000,,"25,000",,,,,Mayur Jain,2949,TSO,Implementation
T1426,3.08E+11,United Group - S2C Implementation fees,UG Croatia d.o.o,2/1/2024,New,Implementation,90000,,"90,000",,,,,Sourabh Sharma,2951,Sales,Implementation
T1427,3.08E+11,Mediq - S2C License,Mediq B.V.,2/1/2024,Upsell,License,"11,397",11396.62745,,,,,,Bernard Remacle,2663,Sales,License
T1428,,Ahlstrom - Implementation Fees,Ahlstrom,2/1/2024,Upsell,Implementation,8560,,"8,560",,,,,Mayur Jain,14,TSO,Implementation
T1429,3.08E+11,Roche - Retrofit of ASPIRE Wave 2 NALA GNE,"F. Hoffman-La Roche, Ltd",2/1/2024,Upsell,Implementation,600000,,"600,000",,,,,Krishna Prasad Jayarajan,2954,TSO,Implementation
T1430,,Roche - Supplier Enablement,"F. Hoffman-La Roche, Ltd",2/1/2024,Upsell,Implementation,153000,,"153,000",,,,,Krishna Prasad Jayarajan,2073,TSO,Implementation
T1431,3.08E+11,Roche - Premium Support,"F. Hoffman-La Roche, Ltd",2/1/2024,Upsell,Implementation,672060,,"672,060",,,,,Krishna Prasad Jayarajan,2067,TSO,Implementation
T1434,,Roche - Core Template,"F. Hoffman-La Roche, Ltd",2/1/2024,Upsell,Implementation,600000,,"600,000",,,,,Krishna Prasad Jayarajan,2691,TSO,Implementation
T1435,3.08E+11,Citigroup - S2C (less Spend) Implementation,"Citigroup Technology, Inc.",2/1/2024,Upsell,Implementation,150000,,"150,000",,,,,Krishna Prasad Jayarajan,1244,TSO,Implementation
T1436,3.08E+11,Citgo - Spend license,CITGO Petroleum Corporation,2/1/2024,CrossSell,License,"125,000",125000,,,,,,Vidhi Raj,2956,TSO,License
T1437,3.08E+11,Citgo - Spend Implementation,CITGO Petroleum Corporation,2/1/2024,CrossSell,Implementation,75000,,"75,000.00",,,,,Vidhi Raj,2957,TSO,Implementation
T1438,3.08E+11,Indorama Ventures Global Services Limited - Implementation Fees,Indorama Ventures Global Services Limited,2/1/2024,New,Implementation,1011594,,"1,011,594.00",,,,,Christina Ambroson,2958,Sales,Implementation
T1439,3.08E+11,Indorama Ventures Global Services Limited - License Fees,Indorama Ventures Global Services Limited,2/1/2024,New,License,"457,000",457000,,,,,,Christina Ambroson,2959,Sales,License
T1440,3.08E+11,Roche -Supply Chain Supplier Collaboration,"F. Hoffman-La Roche, Ltd",3/1/2024,Upsell,Implementation,1493760,,"1,493,760",,,,,Krishna Prasad Jayarajan,2350,TSO,Implementation
T1441,,ING - S2C Implementation Fees,ING Bank N.V,2/1/2024,New,Implementation,199537.6585,,"199,538",,,,,Bernard Remacle,3004,Sales,Implementation
T1442,3.08E+11,Spectrum Health System (License Fees),Spectrum Health,3/1/2024,Upsell,License,"65,000",65000,,,,,,Mayur Jain,760,TSO,License
T1443,,Protiviti - Sourcing License Fees,Protiviti Inc.,2/1/2024,New,License,"35,000",35000,,,,,,Ken Legge,2965,Sales,License
T1444,,Protiviti - Sourcing Implementation,Protiviti Inc.,2/1/2024,New,Implementation,10000,,"10,000",,,,,Ken Legge,2966,Sales,Implementation
T1445,3.08E+11,Kellogg Technology - Implementation,Kellanova,3/1/2024,Upsell,Implementation,106900,,"106,900",,,,,Mayur Jain,524,TSO,Implementation
T1446,3.08E+11,Caterpillar - License,Caterpillar Inc.,3/1/2024,Upsell,License,"74,000",74000,,,,,,Mayur Jain,1411,TSO,License
T1447,3.08E+11,Caterpillar - Implementation,Caterpillar Inc.,3/1/2024,Upsell,Implementation,59583.33,,"59,583",,,,,Mayur Jain,1412,TSO,Implementation
T1448,,Summit Materials - Spend/Cat/Savings Licenses,Summit Materials,3/1/2024,Upsell,License,"40,000",40000,,,,,,Mayur Jain,2068,TSO,License
T1449,,Summit Materials - Spend/Cat/Savings Licenses,Summit Materials,3/1/2024,Upsell,License,"20,000",20000,,,,,,Mayur Jain,2068,TSO,License
T1450,,Deltek - License,"Deltek, Inc.",3/1/2024,Upsell,License,"2,500",2500,,,,,,Mayur Jain,1442,TSO,License
T1451,,Group SEB - Implementation,SEB Developpement SAS,3/1/2024,Upsell,Implementation,7025.97389,,"7,026",,,,,Mayur Jain,1170,TSO,Implementation
T1452,3.08E+11,ChampionX - S2P Implementation,ChampionX LLC,3/1/2024,Upsell,Implementation,740000,,"740,000",,,,,Devang Oza,1991,TSO,Implementation
T1453,3.08E+11,Roche - Retrofit of ASPIRE Wave 1 Spark,"F. Hoffman-La Roche, Ltd",3/1/2024,Upsell,Implementation,77350,,"77,350",,,,,Krishna Prasad Jayarajan,2975,TSO,Implementation
T1454,3.08E+11,Citigroup - S2C (less Spend) Implementation,"Citigroup Technology, Inc.",3/1/2024,Upsell,Implementation,150000,,"150,000",,,,,Krishna Prasad Jayarajan,1244,TSO,Implementation
T1455,3.08E+11,Mega Labs - S2C License Fees,Mega Labs S.A./Italmex S.A,3/1/2024,New,License,"175,500",175500,,,,,,Luis Patino,2980,Sales,License
T1456,3.08E+11,Mega Labs - S2C Implementation Fees,Mega Labs S.A./Italmex S.A,3/1/2024,Upsell,Implementation,120000,,"120,000",,,,,Luis Patino,2981,Sales,Implementation
T1457,3.08E+11,"Johnson Controls, Inc. - License Fees",Johnson Controls,3/1/2024,Upsell,License,"17,917",17917,,,,,,Mayur Jain,476,TSO,License
T1458,,"Johnson Controls, Inc. - Implementation",Johnson Controls,3/1/2024,Upsell,Implementation,11500,,"11,500",,,,,Mayur Jain,477,TSO,Implementation
T1459,3.08E+11,Spectrum Health System (Implementation Fees),Spectrum Health,3/1/2024,Upsell,Implementation,93725,,"93,725",,,,,Mayur Jain,761,TSO,Implementation
T1460,,PWC - ConocoPhillips nxtGen ERP Supply Chain Workstream Implementation,PricewaterhouseCoopers Advisory Services LLC,3/1/2024,Upsell,Implementation,676496,,"676,496",,,,,Sundar Subramanian,1897,TSO,Implementation
T1461,,IAP World Services Inc License Fees,IAP World Services Inc.,3/1/2024,New,License,"40,000",40000,,,,,,Mihir Veshvikar,2985,Sales,License
T1462,,IAP World Services Inc Implementation Fees,IAP World Services Inc.,3/1/2024,New,Implementation,50000,,"50,000",,,,,Mihir Veshvikar,2986,Sales,Implementation
T1463,3.08E+11,PSP - S2P Implmentation Fees,PUBLIC SECTOR PENSION INVESTMENT BOARD,3/1/2024,Upsell,Implementation,457500,,"457,500",,,,,Brian Bergersen,2736,Sales,Implementation
T1464,3.08E+11,WK Kellogg Technology - License,WK Kellogg Company,3/1/2024,Upsell,License,"415,000",415000,,,,,,Mayur Jain,2991,TSO,License
T1465,3.08E+11,WK Kellogg Technology - Implementation,WK Kellogg Company,3/1/2024,Upsell,Implementation,600000,,"600,000",,,,,Mayur Jain,2992,TSO,Implementation
T1466,3.08E+11,HCSC - License Fees,Health Care Service Corporation (HCSC),3/1/2024,New,License,"290,000",290000,,,,,,Connor Andrews,2993,Sales,License
T1467,3.08E+11,HCSC - Implementation Fees,Health Care Service Corporation (HCSC),3/1/2024,New,Implementation,580000,,"580,000",,,,,Connor Andrews,2994,Sales,Implementation
T1468,3.08E+11,Beusa - S2P License fees,"Beusa Energy, LLC",3/1/2024,New,License,"300,000",300000,,,,,,Mihir Veshvikar,2996,Sales,License
T1469,3.08E+11,Beusa - S2P Implementation fees,"Beusa Energy, LLC",3/1/2024,New,Implementation,300000,,"300,000",,,,,Mihir Veshvikar,2997,Sales,Implementation
T1470,,Ballard (D.A. Collins) - P2P Implementation Fees,"Ballard Road Development, LLC",3/1/2024,Upsell,Implementation,2000,,"2,000",,,,,Abhishek Garde,2780,Sales,Implementation
T1471,3.08E+11,Roche - Aspire Implementation,"F. Hoffman-La Roche, Ltd",3/1/2024,Upsell,Implementation,30000,,"30,000",,,,,Krishna Prasad Jayarajan,1900,TSO,Implementation
T1472,3.08E+11,Athletic Greens - Sourcing License,Athletic Greens (USA) Inc,3/1/2024,New,License,"35,000",35000,,,,,,Sneha Dolare,2999,Sales,License
T1473,3.08E+11,Athletic Greens - Sourcing Implementation,Athletic Greens (USA) Inc,3/1/2024,New,Implementation,30000,,"30,000",,,,,Sneha Dolare,3000,Sales,Implementation
T1474,3.08E+11,Fluxym (Ecosystem) - Sourcing License,Fluxym (Ecosystem),3/1/2024,New,License,"20,000",20000,,,,,,Vivek Bisht,3001,Sales,License
T1475,3.08E+11,JPMorgan Chase - Post Design Implementation Fees,"JPMorgan Chase Bank, National Association",3/1/2024,New,Implementation,1968750,,"1,968,750",,,,,Suresh Visvanathan,3002,Sales,0
T1476,3.08E+11,ING - S2C License Fees,ING Bank N.V,3/1/2024,New,License,"639,646",639646,,,,,,Bernard Remacle,3003,Sales,License
T1477,3.08E+11,ING - S2C Implementation Fees,ING Bank N.V,3/1/2024,New,Implementation,1777056,,"1,777,056",,,,,Bernard Remacle,3004,Sales,Implementation
T1478,3.08E+11,Acuity Brands - S2P License Fees,"Acuity Brands Lighting, Inc",3/1/2024,New,License,"830,653",830653,,,,,,Brian Bergersen,3005,Sales,License
T1479,3.08E+11,JPMorgan Chase - License Fees,"JPMorgan Chase Bank, National Association",3/1/2024,New,License,"1,200,000",1200000,,,,,,Suresh Visvanathan,3007,Sales,0
T1480,3.08E+11,JPMorgan Chase - TPRM License (Design Phase),"JPMorgan Chase Bank, National Association",3/1/2024,New,License,"80,000",80000,,,,,,Suresh Visvanathan,2761,Sales,License
T1481,3.08E+11,Carigali Hess(CHOC) - Implementation,Carigali Hess,3/1/2024,Upsell,Implementation,47502,,"47,502",,,,,Muralidhar Narayana,3010,TSO,Implementation
T1482,3.08E+11,PWC - ConocoPhillips nxtGen ERP Supply Chain Workstream Implementation,PricewaterhouseCoopers Advisory Services LLC,4/1/2024,Upsell,Implementation,4251565,,"4,251,565",,,,,Sundar Subramanian,1897,TSO,Implementation
T1483,3.08E+11,WPP - S2C License Fees,"WPP Group USA, Inc.",3/1/2024,New,License,"351,624",351624,,,,,,Sam Zaki,3013,Sales,License
T1484,3.08E+11,WPP - S2C Implementation Fees,"WPP Group USA, Inc.",3/1/2024,New,Implementation,274000,,"274,000",,,,,Sam Zaki,3014,Sales,Implementation
T1485,,Roche - Wave B - Aspire EMEA Joint Deployment,"F. Hoffman-La Roche, Ltd",4/1/2024,Upsell,Implementation,310000,,"310,000",,,,,Krishna Prasad Jayarajan,3015,TSO,Implementation
T1486,,Roche - Premium Support,"F. Hoffman-La Roche, Ltd",4/1/2024,Upsell,Implementation,74592,,"74,592",,,,,Krishna Prasad Jayarajan,2067,TSO,Implementation
T1487,,Bonneville - US Based Support,Bonneville Power Administration,4/1/2024,Upsell,Implementation,70000,,"70,000",,,,,Mayur Jain,3017,TSO,Implementation
T1488,3.08E+11,Telefonica - Implementation,"DXC Technology Servicios España, S.L.",4/1/2024,Upsell,Implementation,160016.1385,,"160,016",,,,,Mayur Jain,1455,TSO,Implementation
T1489,,Bega Cheese - Helpdesk Support,Bega Cheese Limited,4/1/2024,Upsell,Implementation,12944.0939,,"12,944",,,,,Joel Davis,2384,TSO,Implementation
T1490,,Bank of America - S2P Implementation,Bank of America N.A.,4/1/2024,Upsell,Implementation,293490,,"293,490",,,,,Abhishek Garde,1489,TSO,Implementation
T1491,3.08E+11,PSP - S2P Implmentation Fees,PUBLIC SECTOR PENSION INVESTMENT BOARD,4/1/2024,Upsell,Implementation,-75000,,"-75,000",,,,,Brian Bergersen,2736,Sales,Implementation
T1492,3.08E+11,ING - S2C Implementation Fees,ING Bank N.V,4/1/2024,New,Implementation,-512130.8684,,"-512,131",,,,,Bernard Remacle,3004,Sales,Implementation
T1494,,Cargill - Spend License,Cargill Incorporated,4/1/2024,Upsell,License,"5,000",5000,,,,,,Mayur Jain,1405,TSO,License
T1495,3.08E+11,Bank of America - S2P Implementation,Bank of America N.A.,4/1/2024,Upsell,Implementation,2512165,,"2,512,165",,,,,Abhishek Ranjan,1489,TSO,Implementation
T1496,3.08E+11,Bank of America - Premium Support,Bank of America N.A.,4/1/2024,Upsell,Implementation,532950,,"532,950",,,,,Abhishek Ranjan,2195,TSO,Implementation
T1497,3.08E+11,ING - S2C Implementation Fees,ING Bank N.V,4/1/2024,New,Implementation,-401369.4263,,"-401,369",,,,,Bernard Remacle,3004,Sales,Implementation
T1498,,Tampa Electric - S2C Implementation Fees,Tampa Electric Company,4/1/2024,Upsell,Implementation,173720,,"173,720",,,,,Saheel Syed,2597,TSO,Implementation
T1499,,Church & Dwight - Addl. P2P License,"Church & Dwight Co., Inc.",4/1/2024,Upsell,License,"18,869",18869,,,,,,Vidhi Raj,1932,TSO,License
T1500,,Citigroup - S2C (less Spend) Implementation,"Citigroup Technology, Inc.",4/1/2024,Upsell,Implementation,70000,,"70,000",,,,,Krishna Prasad Jayarajan,1244,TSO,Implementation
T1501,3.08E+11,RB Distribution (Dorman) - S2C Implementation Fees,"RB Distribution, Inc.",4/1/2024,Upsell,Implementation,14500,,"14,500",,,,,Padmanabhan Doraisamy,2700,TSO,Implementation
T1502,,Caterpillar - Change Management (Training),Caterpillar Inc.,4/1/2024,Upsell,Implementation,35475,,"35,475",,,,,Krishna Prasad Jayarajan,3043,TSO,Implementation
T1503,3.08E+11,IHG - S2C License Fees,"Six Continents Hotels, Inc. (IHG)",5/1/2024,New,License,405500,405500,,,,,,Sam Zaki,3044,Sales,License
T1504,3.08E+11,IHG - S2C Implementation Fees,"Six Continents Hotels, Inc. (IHG)",5/1/2024,New,Implementation,355000,,"355,000",,,,,Sam Zaki,3045,Sales,Implementation
T1505,,APi Group - Spend & Saving Implmentation,APi Group,5/1/2024,Upsell,Implementation,15000,,"15,000",,,,,Mayur Jain,1695,TSO,Implementation
T1506,,Serco - License fee,Serco Limited,5/1/2024,Upsell,License,"70,546",70545.56509,,,,,,Mayur Jain,743,TSO,License
T1507,3.08E+11,Fluxym (Ecosystem) - Sourcing Implementation,Fluxym (Ecosystem),5/1/2024,Upsell,Implementation,7716.479428,,"7,716",,,,,Vivek Bisht,3049,Sales,Implementation
T1508,006IS000003mh2dYAA,HPE - Buy Plan Supplier ID Ingestion Software,Eliant Inventory Solutions LP (HPE),5/1/2024,Upsell,Implementation,9000,,"9,000",,,,,Ryan Gianni,2532,GD,Implementation
T1509,3.08E+11,Radical - Contract & Supplier Management License,Bpost limited (Radical Inc),5/1/2024,Upsell,License,"54,000",54000,,,,,,Bernard Remacle,3052,Sales,License
T1510,3.08E+11,Radical - Contract & Supplier Management Implementation,Bpost limited (Radical Inc),5/1/2024,Upsell,Implementation,70000,,"70,000",,,,,Bernard Remacle,3053,Sales,Implementation
T1511,,DuPont - S2C Implementation,Celanese Corporation,5/1/2024,Upsell,Implementation,12500,,"12,500",,,,,Mayur Jain,2028,TSO,Implementation
T1512,3.08E+11,Pertamina - Phase 4 Implementation,Pertamina,5/1/2024,Upsell,Implementation,793994,,"793,994",,,,,Muralidhar Narayana,3056,TSO,Implementation
T1513,,OGE Energy Corp. - License Fees,OGE Energy Corp.,5/1/2024,Upsell,License,"37,800",37800,,,,,,Mayur Jain,661,TSO,License
T1514,3.08E+11,Hitachi - e auction license fee,"Hitachi, Ltd.",5/1/2024,New,License,"38,000",38000,,,,,,Louie Li,3064,Sales,License
T1516,006IS000003mygZYAQ,Hitachi - e auction implementation fee TSO,"Hitachi, Ltd.",5/1/2024,New,Implementation,11300,,"11,300",,,,,Louie Li,3066,Sales,Implementation
T1517,3.08E+11,Techem - S2C License,Techem Energy Services GmbH,5/1/2024,New,License,"85,620",85619.744,,,,,,Sourabh Sharma,3067,Sales,License
T1518,3.08E+11,Techem - S2C Implementation,Techem Energy Services GmbH,5/1/2024,New,Implementation,96322.212,,"96,322",,,,,Sourabh Sharma,3068,Sales,Implementation
T1519,,ChampionX - S2P Implementation,ChampionX LLC,5/1/2024,Upsell,Implementation,4600,,"4,600",,,,,Devang Oza,1991,TSO,Implementation
T1520,3.08E+11,"UAW - Sourcing, Supplier & Contract License Fees",UAW Retiree Medical Benefits Trust,5/1/2024,New,License,"90,000",90000,,,,,,Mihir Veshvikar,3079,Sales,License
T1521,3.08E+11,"UAW - Sourcing, Supplier & Contract Implementation Fees",UAW Retiree Medical Benefits Trust,5/1/2024,New,Implementation,75000,,"75,000",,,,,Mihir Veshvikar,3080,Sales,Implementation
T1522,3.08E+11,ConocoPhilips - Premium Support,ConocoPhillips Company,5/1/2024,Upsell,Implementation,366931,,"366,931",,,,,Devang Kapadia,2514,TSO,Implementation
T1523,,ChampionX - S2P Implementation,ChampionX LLC,6/1/2024,Upsell,Implementation,7000,,"7,000",,,,,Devang Oza,1991,TSO,Implementation
T1524,006IS000003EdHlYAK,HPE - Make In India Software,Eliant Inventory Solutions LP (HPE),6/1/2024,Upsell,Implementation,135880,,"135,880",,,,,Ryan Gianni,3084,GD,Implementation
T1525,,ING - Premium Support,ING Bank N.V,6/1/2024,Upsell,Implementation,240376.4477,,"240,376",,,,,Devang Kapadia,3088,TSO,Implementation
T1526,3.08E+11,Petronas - S4 Implementation,Petronas ICT SDN BHD,6/1/2024,Upsell,Implementation,240000,,"240,000",,,,,Mithesh Devadiga,3093,TSO,Implementation
T1527,3.08E+11,Petronas - Stabilization Support,Petronas ICT SDN BHD,6/1/2024,Upsell,Implementation,600000,,"600,000",,,,,Mithesh Devadiga,2082,TSO,Implementation
T1528,,Citigroup - S2C (less Spend) Implementation,"Citigroup Technology, Inc.",6/1/2024,Upsell,Implementation,280000,,"280,000",,,,,Krishna Prasad Jayarajan,1244,TSO,Implementation
T1529,,3A - S2P Implementation Fees,"3A Composites USA, Inc.",6/1/2024,Upsell,Implementation,15000,,"15,000",,,,,Abhishek Garde,2939,Sales,Implementation
T1530,3.08E+11,W&T Offshore - P2P License,"W&T Offshore, Inc.",6/1/2024,New,License,"115,000",115000,,,,,,Sneha Dolare,3104,Sales,License
T1531,3.08E+11,W&T Offshore - P2P Implementation,"W&T Offshore, Inc.",6/1/2024,New,Implementation,115000,,"115,000",,,,,Sneha Dolare,3105,Sales,Implementation
T1532,3.08E+11,Roche - Chugai License Fees,"F. Hoffman-La Roche, Ltd",6/1/2024,Upsell,License,"37,500",37500,,,,,,Krishna Prasad Jayarajan,2552,TSO,License
T1533,3.08E+11,Roche - Retrofit of ASPIRE Wave 3 EMEA,"F. Hoffman-La Roche, Ltd",6/1/2024,Upsell,Implementation,62307,,"62,307",,,,,Krishna Prasad Jayarajan,3106,TSO,Implementation
T1534,3.08E+11,Caterpillar - Implementation,Caterpillar Inc.,6/1/2024,Upsell,Implementation,16000,,"16,000",,,,,Krishna Prasad Jayarajan,1412,TSO,Implementation
T1535,3.08E+11,United States Bakery - S2C License Fees,United States Bakery,6/1/2024,New,License,"80,000",80000,,,,,,Karson Keogh,3113,Sales,License
T1536,3.08E+11,United States Bakery - S2C Implementation Fees,United States Bakery,6/1/2024,New,Implementation,55000,,"55,000",,,,,Karson Keogh,3114,Sales,Implementation
T1537,3.08E+11,Idahoan Foods - S2P License Fees,Idahoan Foods,6/1/2024,New,License,"195,000",195000,,,,,,Abhishek Garde,3121,Sales,License
T1538,3.08E+11,Idahoan Foods - S2P Implementation Fees,Idahoan Foods,6/1/2024,New,Implementation,245000,,"245,000",,,,,Abhishek Garde,3122,Sales,Implementation
T1539,3.08E+11,Hero - S2C License Fees,Hero MotoCorp Ltd.,6/1/2024,New,License,"210,000",210000,,,,,,Rajat Vij,3123,Sales,License
T1540,3.08E+11,Hero - S2C Implementation Fees,Hero MotoCorp Ltd.,6/1/2024,New,Implementation,231000,,"231,000",,,,,Rajat Vij,3124,Sales,Implementation
T1541,0066F000015z0YUQAY,Philips - S2C Software Implementation,Philips Electronics Nederland B.V.,6/1/2024,New,Implementation,-457000,,"-457,000",,,,,Ashwin Kumar,2434,GD,Implementation
T1542,,Masco - Supply Chain Analyst,Masco,6/1/2024,Upsell,Implementation,60000,,"60,000",,,,,Mayur Jain,581,TSO,Implementation
T1543,,Perfchem - Procurement Support Software,PENGERANG REFINING COMPANY SDN BHD,6/1/2024,New,Implementation,15000,,"15,000",,,,,Rohan Patkar,3050,GD,Implementation
T1544,3.08E+11,Weperform - P2P License Fees,WePerform,6/1/2024,New,License,"139,697",139696.908,,,,,,Bernard Remacle,3125,Sales,License
T1545,3.08E+11,Acuity Brands - S2P Implementation Fees,"Acuity Brands Lighting, Inc",6/1/2024,New,Implementation,150000,,"150,000",,,,,Uday Singh,3006,Sales,Implementation
T1546,3.08E+11,Protiviti - Spend License Fees,Protiviti Inc.,7/1/2024,Upsell,License,"30,000",30000,,,,,,Jessica Franco,2940,Sales,License
T1547,,Chevron Services Company - Add'l UAT Instance (license),Chevron Services Company,6/1/2024,Upsell,License,"125,000",125000,,,,,,Johnson Fernandes,941,TSO,License
T1548,,Chevron Services Company - Add'l UAT Instance Setup (implementation),Chevron Services Company,6/1/2024,Upsell,Implementation,125000,,"125,000",,,,,Johnson Fernandes,942,TSO,Implementation
T1549,3.08E+11,Mylan - Whatfix License Fees,"Mylan, Inc.",6/1/2024,CrossSell,License,"25,000",25000,,,,,,Mayur Jain,3111,TSO,License
T1550,3.08E+11,Mylan - Whatfix Implementation Fees,"Mylan, Inc.",6/1/2024,Upsell,Implementation,75000,,"75,000",,,,,Mayur Jain,3112,TSO,Implementation
T1551,3.08E+11,Telefonica - Implementation,"DXC Technology Servicios España, S.L.",6/1/2024,Upsell,Implementation,54546.26962,,"54,546",,,,,Mayur Jain,1455,TSO,Implementation
T1552,3.08E+11,Japfa - Accounts Payable & Supplier Implementation,PT Japfa Comfeed Indonesia Tbk,7/1/2024,Upsell,Implementation,82000,,"82,000",,,,,Muralidhar Narayana,2672,TSO,Implementation
T1553,,Bayer - R&D FHV - Software,Bayer AG,6/1/2024,Upsell,License,"81,106",81106,,,,,,Joel Johnson,3070,GD,0
T1554,,Royal London - S2C Implementation,Royal London,7/1/2024,Upsell,Implementation,10000,,"10,000",,,,,Mayur Jain,721,TSO,Implementation
T1555,,ITA - S2C License fee,ITALIA TRASPORTO AEREO S.p.A. (ITA AIRWAYS),7/1/2024,Upsell,License,"20,400",20400,,,,,,Mayur Jain,2097,TSO,License
T1556,,CEGID - S2C Implementation Fees (Fluxym),CEGID,7/1/2024,Upsell,Implementation,8500,,"8,500",,,,,Mayur Jain,2638,TSO,Implementation
T1557,3.08E+11,NCOC - License Fees,North Caspian Operating Company N.V,7/1/2024,New,License,"1,825,000",1825000,,,,,,Abdel Halim,3137,Sales,License
T1558,3.08E+11,NCOC - Implementation Fees,North Caspian Operating Company N.V,7/1/2024,New,Implementation,1527500,,"1,527,500",,,,,Abdel Halim,3138,Sales,Implementation
T1559,3.08E+11,Caterpillar - Marketplace POC License,Caterpillar Inc.,7/1/2024,CrossSell,License,"310,000",310000,,,,,,Uday Singh,3139,Sales,License
T1560,3.08E+11,Caterpillar - Marketplace POC Implementation,Caterpillar Inc.,7/1/2024,CrossSell,Implementation,0,,,,,,,Uday Singh,3140,Sales,0
T1561,3.08E+11,Roche - Premium Support,"F. Hoffman-La Roche, Ltd",7/1/2024,Upsell,Implementation,757740,,"757,740",,,,,Krishna Prasad Jayarajan,2067,TSO,Implementation
T1562,,Danone - TSO,"Danone US, LLC",7/1/2024,Upsell,License,"13,500",13500,,,,,,Mayur Jain,1421,TSO,License
T1563,3.08E+11,"EcoLab, Inc. - Implementation Fees",EcoLab,7/1/2024,Upsell,Implementation,135000,,"135,000",,,,,Mayur Jain,287,TSO,Implementation
T1564,,Caterpillar - Change Management (Training),Caterpillar Inc.,7/1/2024,Upsell,Implementation,21000,,"21,000",,,,,Krishna Prasad Jayarajan,3143,TSO,Implementation
T1565,3.08E+11,A2A - GEP Green Software License,A2A,7/1/2024,New,License,"32,238",32237.748,,,,,,Bernard Remacle,3144,Sales,License
T1566,3.08E+11,A2A - GEP Green Software Implementation,A2A,7/1/2024,New,Implementation,53729.58,,"53,730",,,,,Bernard Remacle,3145,Sales,Implementation
T1567,3.08E+11,Jeld-Wen UK - S2C License Fees,"JELD-WEN, Inc.",7/1/2024,Upsell,License,"292,000",292000,,,,,,Uday Singh,3146,Sales,License
T1568,3.08E+11,Jeld-Wen UK - S2C Implementation Fees,"JELD-WEN, Inc.",7/1/2024,Upsell,Implementation,208000,,"208,000",,,,,Uday Singh,3147,Sales,Implementation
T1569,,North Oil - License,North Oil Company,7/1/2024,Upsell,License,"30,000",30000,,,,,,Mayur Jain,1395,TSO,License
T1570,0066F000015z0YUQAY,Philips - S2C Software Implementation,Philips Electronics Nederland B.V.,7/1/2024,New,Implementation,350000,,"350,000",,,,,Ashwin Kumar,2434,GD,Implementation
T1571,,Thermo Fisher Scientific - Sourcing License,Thermo Fisher Scientific,7/1/2024,Upsell,License,"3,000",3000,,,,,,Mayur Jain,1597,TSO,License
T1578,3.08E+11,State Street Spend Analysis License,State Street,7/1/2024,New,License,"157,662",157662,,,,,,Uday Singh,3152,Sales,License
T1579,3.08E+11,State Street Spend Analysis Implementation,State Street,7/1/2024,New,Implementation,65000,,"65,000",,,,,Uday Singh,3153,Sales,Implementation
T1580,,Caterpillar - Direct S2C Implementation Extension,Caterpillar Inc.,7/1/2024,Upsell,Implementation,3766000,,"3,766,000",,,,,Krishna Prasad Jayarajan,3154,TSO,Implementation
T1581,3.08E+11,3A - S2P Implementation Fees,"3A Composites USA, Inc.",7/1/2024,Upsell,Implementation,30000,,"30,000",,,,,Abhishek Garde,2939,Sales,Implementation
T1582,3.08E+11,Roche - Core Template,"F. Hoffman-La Roche, Ltd",7/1/2024,Upsell,Implementation,600000,,"600,000",,,,,Krishna Prasad Jayarajan,2691,TSO,Implementation
T1583,,Roche - Retrofit of ASPIRE Wave 1 RDG (Mannheim/ Penzberg),"F. Hoffman-La Roche, Ltd",7/1/2024,Upsell,Implementation,44100,,"44,100",,,,,Krishna Prasad Jayarajan,2812,TSO,Implementation
T1584,,Roche - Retrofit of ASPIRE Wave 2 NALA GNE,"F. Hoffman-La Roche, Ltd",7/1/2024,Upsell,Implementation,190200,,"190,200",,,,,Krishna Prasad Jayarajan,2954,TSO,Implementation
T1585,,Roche - Retrofit of ASPIRE Wave 2 NALA GNE,"F. Hoffman-La Roche, Ltd",7/1/2024,Upsell,Implementation,7350,,"7,350",,,,,Krishna Prasad Jayarajan,2954,TSO,Implementation
T1586,3.08E+11,OCI Global - Sourcing License Fees,OCI Global,7/1/2024,New,License,"40,000",40000,,,,,,James Higgins,3163,Sales,License
T1587,3.08E+11,OCI Global - Sourcing Implementation Fees,OCI Global,7/1/2024,New,Implementation,20000,,"20,000",,,,,James Higgins,3164,Sales,Implementation
T1588,3.08E+11,PBF Energy - CLM & Sourcing implementation,PBF Holding Company LLC,7/1/2024,Upsell,Implementation,30000,,"30,000",,,,,Padmanabhan Doraisamy,2377,TSO,Implementation
T1589,3.08E+11,Carigali Hess(CHOC) - Implementation,Carigali Hess,8/1/2024,Upsell,Implementation,196700,,"196,700",,,,,Muralidhar Narayana,3010,TSO,Implementation
T1590,3.08E+11,NCOC - Implementation Fees,North Caspian Operating Company N.V,8/1/2024,New,Implementation,822500,,"822,500",,,,,Abdel Halim,3138,Sales,Implementation
T1591,3.08E+11,Liberty Global - S2C & Click License,Liberty Global Corporate B.V,8/1/2024,Upsell,License,"26,750",26750,,,,,,Mayur Jain,2160,TSO,License
T1592,3.08E+11,Liberty Global - S2C & Click Implementation,Liberty Global Corporate B.V,8/1/2024,Upsell,Implementation,78418.85242,,"78,419",,,,,Mayur Jain,2161,TSO,Implementation
T1593,3.08E+11,Heinz - Cost Drivers & Should Cost License Fees,H.J. Heinz Supply Chain Europe B.V,8/1/2024,New,License,"158,080",158080,,,,,,Luis Patino,3170,Sales,License
T1594,3.08E+11,Heinz - Cost Drivers & Should Cost Implementation Fees,H.J. Heinz Supply Chain Europe B.V,8/1/2024,New,Implementation,100000,,"100,000",,,,,Luis Patino,3171,Sales,Implementation
T1595,3.08E+11,Heidelbercement - Sourcing License Fees,Heidelbergcement Georgia Ltd,8/1/2024,New,License,"27,820",27820,,,,,,Sourabh Sharma,3173,Sales,License
T1596,006IS000003HdklYAC,HPE - Automation PO Changes Software,Eliant Inventory Solutions LP (HPE),8/1/2024,Upsell,Implementation,45150,,"45,150",,,,,Ryan Gianni,3176,GD,Implementation
T1597,3.08E+11,Piramal Pharma - S2P License Fees,Piramal Pharma Ltd,8/1/2024,New,License,"200,000",200000,,,,,,Srinivas Moorthy,3177,Sales,License
T1598,,Fluidra - Spend implementation,Zodiac Pool Systems LLC,8/1/2024,Upsell,Implementation,10000,,"10,000",,,,,Mayur Jain,2364,TSO,Implementation
T1599,3.08E+11,Mylan Technology-Implementation Fees,"Mylan, Inc.",8/1/2024,Upsell,Implementation,98000,,"98,000",,,,,Krishna Prasad Jayarajan,634,TSO,Implementation
T1600,3.08E+11,Kiewit - UAT Instance Projects & Sourcing Implementation,Kiewit Corporation,8/1/2024,Upsell,Implementation,40000,,"40,000",,,,,Mayur Jain,3179,TSO,Implementation
T1601,,BCG - Sourcing License,The Boston Consulting Group (Thailand) Ltd.,8/1/2024,Upsell,License,"5,000",5000,,,,,,Abhishek Ranjan,3181,TSO,License
T1602,,LCEC - S2C Implementation Fees,"Lee County Electric Cooperative, Inc.",8/1/2024,New,Implementation,-30000,,"-30,000",,,,,Abhishek Garde,2894,Sales,Implementation
T1603,3.08E+11,Nestle - Should Cost Impl. Fees,Société des Produits Nestle S.A.,8/1/2024,New,Implementation,-130000,,"-130,000",,,,,Stephan Hesselgren,2884,Sales,Implementation
T1604,3.08E+11,Citigroup - S2C (less Spend) Implementation,"Citigroup Technology, Inc.",8/1/2024,Upsell,Implementation,630000,,"630,000",,,,,Krishna Prasad Jayarajan,1244,TSO,Implementation
T1605,3.08E+11,Kiewit - S4Hana UAT License,Kiewit Corporation,8/1/2024,Upsell,License,"150,000",150000,,,,,,Mayur Jain,3187,TSO,License
T1606,3.08E+11,Kiewit - S4Hana Implementation,Kiewit Corporation,8/1/2024,CrossSell,Implementation,195000,,"195,000",,,,,Mayur Jain,3188,TSO,Implementation
T1607,3.08E+11,Piramal Pharma - S2P Implementation Fees,Piramal Pharma Ltd,8/1/2024,New,Implementation,240000,,"240,000",,,,,Srinivas Moorthy,3178,Sales,Implementation
T1608,3.08E+11,Heidelbercement - Sourcing Implementation Fees,Heidelbergcement Georgia Ltd,8/1/2024,New,Implementation,22558.84796,,"22,559",,,,,Sourabh Sharma,3174,Sales,Implementation
T1609,3.08E+11,GEICO - S2C License Fees,Government Employees Insurance Company (GEICO),8/1/2024,New,License,"467,636",467636,,,,,,Brian Bergersen,3190,Sales,License
T1610,,Group SEB - Implementation,SEB Developpement SAS,8/1/2024,Upsell,Implementation,5371.154275,,"5,371",,,,,Mayur Jain,1170,TSO,Implementation
T1611,3.08E+11,Weperform - P2P Implementation Fees,WePerform,8/1/2024,New,Implementation,123536.5483,,"123,537",,,,,Bernard Remacle,3126,Sales,Implementation
T1612,,Cargill - Spend License,Cargill Incorporated,8/1/2024,Upsell,License,"25,000",25000,,,,,,Mayur Jain,1405,TSO,License
T1613,,Cargill - Spend Implementation,Cargill Incorporated,8/1/2024,Upsell,Implementation,12000,,"12,000",,,,,Mayur Jain,1406,TSO,0
T1614,3.08E+11,Roche - Retrofit of ASPIRE Wave 3 EMEA,"F. Hoffman-La Roche, Ltd",8/1/2024,Upsell,Implementation,285693,,"285,693",,,,,Krishna Prasad Jayarajan,3106,TSO,Implementation
T1615,,Whole Foods - Spend Analystics Implementation,"Whole Foods Market Services, Inc",8/1/2024,CrossSell,Implementation,137000,,"137,000",,,,,Jack Keogh,3195,Sales,Implementation
T1616,3.08E+11,Roche - EMEA RDI and APAC RSS India Implementation,"F. Hoffman-La Roche, Ltd",8/1/2024,Upsell,Implementation,22050,,"22,050",,,,,Krishna Prasad Jayarajan,2759,TSO,Implementation
T1617,3.08E+11,ConocoPhilips - Premium Support,ConocoPhillips Company,8/1/2024,Upsell,Implementation,434569,,"434,569",,,,,Devang Kapadia,2514,TSO,Implementation
T1618,,Chevron - Digital Core Support,Chevron Services Company,9/1/2024,Upsell,Implementation,225000,,"225,000",,,,,Johnson Fernandes,1570,TSO,Implementation
T1619,3.08E+11,GEICO - S2C Implementation Fees,Government Employees Insurance Company (GEICO),9/1/2024,New,Implementation,255000,,"255,000",,,,,Brian Bergersen,3191,Sales,Implementation
T1620,006IS000003HoVsYAK,Rite Aid Hdqtrs. Corp. - Sourcing License,Rite Aid Corp.,9/1/2024,New,License,"60,000",60000,,,,,,Todd Bremer,3208,GD,License
T1621,3.08E+11,CWE - Baxter Spend Analysis,"Collaborative Work Environment, LLC",9/1/2024,New,Implementation,18000,,"18,000",,,,,Uday Singh,3209,Sales,Implementation
T1622,,ChampionX - S2P Implementation,ChampionX LLC,9/1/2024,Upsell,Implementation,27650,,"27,650",,,,,Devang Oza,1991,TSO,Implementation
T1623,3.08E+11,HCSC - License Fees,Health Care Service Corporation (HCSC),9/1/2024,New,License,"138,000",138000,,,,,,Connor Andrews,2993,Sales,License
T1624,3.08E+11,Bpost - S2C addl. License Fees,Bpost limited,9/1/2024,Upsell,License,"14,445",14445,,,,,,Mayur Jain,3215,TSO,License
T1625,006IS000003oobtYAA,HPE - Order Promise Workbench Enhancement Software,Eliant Inventory Solutions LP (HPE),9/1/2024,Upsell,Implementation,66650,,"66,650",,,,,Ryan Gianni,3218,GD,Implementation
T1626,3.08E+11,Linde India - Sourcing License Fees,Linde India Limited,9/1/2024,New,License,"48,000",48000,,,,,,Srinivas Moorthy,3222,Sales,License
T1627,3.08E+11,Sembcorp - S2C Implementation Fees,Sembcorp Industries Ltd.,9/1/2024,Upsell,Implementation,37868.4725,,"37,868",,,,,Muralidhar Narayana,2892,TSO,Implementation
T1628,,ConocoPhillips - PEPPOL Implementation,PricewaterhouseCoopers Advisory Services LLC,9/1/2024,Upsell,Implementation,29925,,"29,925",,,,,Sundar Subramanian,3223,TSO,Implementation
T1629,3.08E+11,Gaspro - S2P License Fees,GasPro LLC,9/1/2024,New,License,"325,000",325000,,,,,,Jack Keogh,3228,Sales,0
T1630,,ABM - Helpdesk/Premium Support,ABM,9/1/2024,Upsell,Implementation,60000,,"60,000",,,,,Mayur Jain,7,TSO,Implementation
T1631,,Chevron Services Company - Add'l UAT Instance (license),Chevron Services Company,9/1/2024,Upsell,License,"62,500",62500,,,,,,Johnson Fernandes,941,TSO,License
T1632,,Chevron Services Company - Add'l UAT Instance Setup (implementation),Chevron Services Company,9/1/2024,Upsell,Implementation,62500,,"62,500",,,,,Johnson Fernandes,942,TSO,Implementation
T1633,3.08E+11,Pertamina - Phase 4 License Fees,Pertamina,9/1/2024,Upsell,License,"66,302",66302.20454,,,,,,Muralidhar Narayana,3231,TSO,License
T1634,3.08E+11,Bureau Veritas - Contract Management License,BUREAU VERITAS SERVICES,9/1/2024,CrossSell,License,"29,960",29960,,,,,,Bernard Remacle,3232,Sales,License
T1635,3.08E+11,Dairy Farm - S2P License,The Dairy Farm Company Limited,9/1/2024,Upsell,License,"65,455",65455,,,,,,Muralidhar Narayana,2049,TSO,License
T1636,3.08E+11,Dairy Farm - P2P Implementation,The Dairy Farm Company Limited,9/1/2024,Upsell,Implementation,117000,,"117,000",,,,,Muralidhar Narayana,2141,TSO,Implementation
T1637,,Chivas - Sourcing & Spend License (Pernod Ricard),Pernod Ricard SA,9/1/2024,Upsell,License,"4,815",4815,,,,,,Mayur Jain,1659,TSO,License
T1638,3.08E+11,Kellogg Technology - S4HANA Implementation,Kellanova,9/1/2024,Upsell,Implementation,254400,,"254,400",,,,,Mayur Jain,3235,TSO,Implementation
T1639,3.08E+11,FPL - S2P License,Florida Power & Light Company,9/1/2024,New,License,"1,530,000",1530000,,,,,,Mattie Farnsworth,3242,Sales,License
T1640,3.08E+11,Caterpillar - Direct S2C Addl. Implementation,Caterpillar Inc.,10/1/2024,Upsell,Implementation,258000,,"258,000",,,,,Krishna Prasad Jayarajan,2800,TSO,Implementation
T1641,,Unilever - SSA Implementation,Unilever,10/1/2024,CrossSell,Implementation,80000,,"80,000",,,,,Mudit Kumar,3193,GD,Implementation
T1642,3.08E+11,Vivaaerobus - S2C License Fees,AEROENLACES NACIONALES SA DE CV,9/1/2024,New,License,"91,665",91665,,,,,,Luis Patino,3246,Sales,0
T1643,,HPE - One Network Implementation,Eliant Inventory Solutions LP (HPE),10/1/2024,Upsell,Implementation,420000,,"420,000",,,,,Ryan Gianni,2603,GD,Implementation
T1644,,BCG (Pertamina) - Implementation,Pertamina,10/1/2024,Upsell,Implementation,50000,,"50,000",,,,,Muralidhar Narayana,1157,TSO,Implementation
T1645,006IS000003HdknYAC,HPE - License (Transaction) Fees,Eliant Inventory Solutions LP (HPE),10/1/2024,Upsell,License,"360,000",360000,,,,,,Ryan Gianni,2256,GD,License
T1646,3.08E+11,Roche - Core Template,"F. Hoffman-La Roche, Ltd",10/1/2024,Upsell,Implementation,30000,,"30,000",,,,,Krishna Prasad Jayarajan,2691,TSO,Implementation
T1647,3.08E+11,Petronas - Data Migration,Petronas ICT SDN BHD,10/1/2024,Upsell,Implementation,75000,,"75,000",,,,,Mithesh Devadiga,3251,TSO,Implementation
T1648,3.08E+11,Roche - Retrofit of ASPIRE Wave 3 Glycart,"F. Hoffman-La Roche, Ltd",10/1/2024,Upsell,Implementation,67500,,"67,500",,,,,Krishna Prasad Jayarajan,3252,TSO,Implementation
T1649,3.08E+11,Roche - NEXXE implementation,"F. Hoffman-La Roche, Ltd",10/1/2024,Upsell,Implementation,1354390,,"1,354,390",,,,,Krishna Prasad Jayarajan,1559,TSO,Implementation
T1650,,IHG - S2C Implementation Fees,"Six Continents Hotels, Inc. (IHG)",10/1/2024,Upsell,Implementation,37205,,"37,205",,,,,Krishna Prasad Jayarajan,3045,TSO,Implementation
T1651,3.08E+11,Accenture – GEP Caterpillar PROcure Subcontract Services,Caterpillar Inc. (Accenture),10/1/2024,Upsell,Implementation,450667,,"450,667",,,,,Krishna Prasad Jayarajan,3253,TSO,Implementation
T1652,3.08E+11,Roche - Wave C - Retrofit of ASPIRE EMEA and APAC,"F. Hoffman-La Roche, Ltd",10/1/2024,Upsell,Implementation,806700,,"806,700",,,,,Krishna Prasad Jayarajan,3254,TSO,Implementation
T1653,006IS000003HdknYAC,HPE - License (Transaction) Fees,Eliant Inventory Solutions LP (HPE),10/1/2024,Upsell,License,"300,000",300000,,,,,,Ryan Gianni,2256,GD,License
T1654,,McLane - S2P Implementation Fees,"McLane Company, Inc.",10/1/2024,Upsell,Implementation,150000,,"150,000",,,,,Jack Keogh,2589,Sales,Implementation
T1655,,McLane - S2P Implementation Fees,"McLane Company, Inc.",10/1/2024,Upsell,Implementation,130000,,"130,000",,,,,Devang Oza,2589,TSO,Implementation
T1656,,World Economic Forum - Whatfix License,World Economic Forum,10/1/2024,Upsell,Implementation,0,,,,,,,Krishna Prasad Jayarajan,3264,TSO,License
T1657,,Bayer - R&D FHV - Software,Bayer AG,9/1/2024,Upsell,License,"14,970",14969.92375,,,,,,Joel Johnson,3070,GD,0
T1658,,Bayer - R&D FHV - GEP - Software,Bayer AG,9/1/2024,Upsell,License,"4,990",4990.21125,,,,,,Joel Johnson,3132,GD,License
T1659,3.08E+11,Petronas - Enhancement Delivery,Petronas ICT SDN BHD,10/1/2024,Upsell,Implementation,300000,,"300,000",,,,,Mithesh Devadiga,2622,TSO,Implementation
T1660,3.08E+11,Petronas - Timewrite mass PO Load,Petronas ICT SDN BHD,10/1/2024,Upsell,Implementation,50000,,"50,000",,,,,Mithesh Devadiga,3265,TSO,Implementation
T1661,3.08E+11,IHG - Whatfix License & Maintenance,"Six Continents Hotels, Inc. (IHG)",10/1/2024,Upsell,License,"10,000",10000,,,,,,Krishna Prasad Jayarajan,3269,TSO,License
T1662,3.08E+11,IHG - Whatfix Implementation,"Six Continents Hotels, Inc. (IHG)",10/1/2024,Upsell,Implementation,20000,,"20,000",,,,,Krishna Prasad Jayarajan,3270,TSO,Implementation
T1663,3.08E+11,Philips - UAT License,Philips Electronics Nederland B.V.,10/1/2024,Upsell,License,"21,833",21833,,,,,,Krishna Prasad Jayarajan,3272,TSO,License
T1664,3.08E+11,Philips - UAT Implementation,Philips Electronics Nederland B.V.,10/1/2024,Upsell,Implementation,21833,,"21,833",,,,,Krishna Prasad Jayarajan,3273,TSO,Implementation
T1665,3.08E+11,Brunei Shell - implementation,Brunei Shell Petroleum Company Sendirian Berhad,10/1/2024,Upsell,Implementation,100000,,"100,000",,,,,Mayur Jain,1213,TSO,Implementation
T1666,3.08E+11,Tesco - Implementation,Barclays Bank UK PLC,10/1/2024,Upsell,Implementation,157220.4308,,"157,220",,,,,Mayur Jain,1186,TSO,Implementation
T1667,3.08E+11,Tesco Money - License Fees,Barclays Bank UK PLC,10/1/2024,Upsell,License,"183,424",183423.836,,,,,,Mayur Jain,3275,TSO,License
T1668,3.08E+11,World Economic Forum - S2P Implementation Fees,World Economic Forum,10/1/2024,Upsell,Implementation,109698.9785,,"109,699",,,,,Krishna Prasad Jayarajan,2900,TSO,Implementation
T1669,0066F00001Ayx79QAB,Franke - GEP Assist license,Franke Management AG,11/1/2024,New,License,"33,710",33709.75898,,,,,,Jonathan Kinghan,3278,GD,License
T1670,3.08E+11,Gaspro - S2P Implementation Fees,GasPro LLC,11/1/2024,New,Implementation,420000,,"420,000",,,,,Jack Keogh,3229,Sales,0
T1671,,Roche Nexxe -Rollouts,"F. Hoffman-La Roche, Ltd",11/1/2024,Upsell,Implementation,145700,,"145,700",,,,,Krishna Prasad Jayarajan,3281,TSO,Implementation
T1673,,Unilever - SSA Implementation,Unilever,11/1/2024,CrossSell,Implementation,137779.412,,"137,779",,,,,Mudit Kumar,3193,GD,Implementation
T1674,3.08E+11,ConocoPhilips - Premium Support,ConocoPhillips Company,11/1/2024,Upsell,Implementation,2088504,,"2,088,504",,,,,Mayur Jain,2514,TSO,Implementation
T1675,3.08E+11,United States Steel - S2C License Fees,United States Steel Corporation,11/1/2024,New,License,"415,527",415527,,,,,,Brian Bergersen,3286,Sales,License
T1676,3.08E+11,United States Steel - S2C Implementation Fees,United States Steel Corporation,11/1/2024,New,Implementation,430000,,"430,000",,,,,Brian Bergersen,3287,Sales,Implementation
T1677,3.08E+11,Acuity Brands - S2P Implementation Fees,"Acuity Brands Lighting, Inc",11/1/2024,New,Implementation,577275,,"577,275",,,,,Brian Bergersen,3006,Sales,Implementation
T1678,3.08E+11,PPG - Spend Pilot,"PPG Industries, Inc",11/1/2024,New,Implementation,45000,,"45,000",,,,,Brian Bergersen,3289,Sales,Implementation
T1679,,HCSC - Implementation Fees,Health Care Service Corporation (HCSC),11/1/2024,Upsell,Implementation,78500,,"78,500",,,,,Doss Kuppuswamy,2994,TSO,Implementation
T1680,3.08E+11,Mahindra & Mahindra - S2P License,Mahindra and Mahindra Limited,11/1/2024,New,License,"354,388",354387.56,,,,,,Meenakshi Wadhwa,3291,Sales,License
T1681,3.08E+11,Mahindra & Mahindra - S2P Implementation,Mahindra and Mahindra Limited,11/1/2024,New,Implementation,593268.2,,"593,268",,,,,Meenakshi Wadhwa,3292,Sales,Implementation
T1682,,ChampionX - S2P Implementation,ChampionX LLC,11/1/2024,Upsell,Implementation,164502,,"164,502",,,,,Devang Oza,1991,TSO,Implementation
T1683,,Caterpillar - SRM implementation,Caterpillar Inc.,11/1/2024,Upsell,Implementation,12500,,"12,500",,,,,Krishna Prasad Jayarajan,2283,TSO,Implementation
T1684,3.08E+11,API Group - S2P License Fees,APi Group,11/1/2024,CrossSell,License,"1,275,000",1275000,,,,,,Uday Singh,3308,Sales,License
T1685,3.08E+11,AWR - S2P Implementation Fees,AW Rostamani Holding LLC,11/1/2024,Upsell,Implementation,163376.45,,"163,376",,,,,Mithesh Devadiga,2783,TSO,Implementation
T1686,006IS000003p57aYAA,JetBlue Airways - Spend License,JetBlue Airways Corporation,11/1/2024,New,License,"70,000",70000,,,,,,Colleen Zupan,3310,GD,License
T1687,006IS000003p57aYAA,JetBlue Airways - Spend Implementation,JetBlue Airways Corporation,11/1/2024,New,Implementation,50000,,"50,000",,,,,Colleen Zupan,3311,GD,Implementation
T1688,3.08E+11,Bureau Veritas - Fluxym - CLM Implementation,BUREAU VERITAS SERVICES | Fluxym-Partner,12/1/2024,CrossSell,Implementation,7150,,"7,150",,,,,Vivek Bisht,3313,Sales,Implementation
T1689,3.08E+11,Vivaaerobus - S2C Implementation Fees,AEROENLACES NACIONALES SA DE CV,11/1/2024,New,Implementation,61900,,"61,900",,,,,Luis Patino,3247,Sales,0
T1690,3.08E+11,Chevron Services Company - Add'l UAT Instance (license),Chevron Services Company,11/1/2024,Upsell,License,"62,500",62500,,,,,,Johnson Fernandes,941,TSO,License
T1691,3.08E+11,Chevron Services Company - Add'l UAT Instance Setup (implementation),Chevron Services Company,11/1/2024,Upsell,Implementation,62500,,"62,500",,,,,Johnson Fernandes,942,TSO,Implementation
T1692,,Bank of America - S2P Implementation,Bank of America N.A.,11/1/2024,Upsell,Implementation,28000,,"28,000",,,,,Abhishek Ranjan,1489,TSO,Implementation
T1693,,Bayer - R&D FHV - GEP - Software,Bayer AG,11/1/2024,Upsell,License,"2,632",2631.87875,,,,,,Joel Johnson,3132,GD,License
T1694,,Bayer - R&D FHV - Software,Bayer AG,11/1/2024,Upsell,License,"7,896",7895.63625,,,,,,Joel Johnson,3070,GD,0
T1695,,Mondelez - FHV Transaction Fees - Software GEP,Mondelez Global LLC,11/1/2024,Upsell,License,301.4225,301.4225,,,,,,Ashwin Kumar,3321,GD,License
T1696,,Mondelez - FHV Transaction Fees - Software,Mondelez Global LLC,11/1/2024,Upsell,License,904.2675,904.2675,,,,,,Ashwin Kumar,3319,GD,0
T1697,3.08E+11,BCG (Pertamina) - Implementation,Pertamina,12/1/2024,Upsell,Implementation,43729.92561,,"43,730",,,,,Muralidhar Narayana,1157,TSO,Implementation
T1698,3.08E+11,Linde India - Sourcing Implementation Fees,Linde India Limited,12/1/2024,New,Implementation,55000,,"55,000",,,,,Srinivas Moorthy,3314,Sales,0
T1699,3.08E+11,ChampionX - S2P Implementation,ChampionX LLC,12/1/2024,Upsell,Implementation,717384,,"717,384",,,,,Devang Oza,1991,TSO,Implementation
T1700,,ChampionX - S2P License,ChampionX LLC,12/1/2024,Upsell,License,"24,500",24500,,,,,,Devang Oza,1990,TSO,License
T1701,,FPL - S2P License UAT 1,Florida Power & Light Company,12/1/2024,New,License,"200,000",200000,,,,,,Mattie Farnsworth,3326,Sales,License
T1702,,FPL - S2P License UAT 2,Florida Power & Light Company,12/1/2024,New,License,"200,000",200000,,,,,,Mattie Farnsworth,3327,Sales,License
T1703,3.08E+11,"UAW - Sourcing, Supplier & Contract Implementation Fees",UAW Retiree Medical Benefits Trust,12/1/2024,Upsell,Implementation,25000,,"25,000",,,,,Padmanabhan Doraisamy,3080,TSO,Implementation
T1704,3.08E+11,University of Newcastle - CLM license,The University of New Castle,12/1/2024,New,License,"75,000",75000,,,,,,Jack Keogh,3329,Sales,License
T1705,3.08E+11,University of Newcastle - CLM implementation,The University of New Castle,12/1/2024,New,Implementation,105000,,"105,000",,,,,Jack Keogh,3330,Sales,Implementation
T1706,3.08E+11,"Exelon Business Services Co., LLC - S2P License","Exelon Business Services, LLC",12/1/2024,CrossSell,License,"1,671,672",1671672,,,,,,Brian Bergersen,3335,Sales,License
T1707,3.08E+11,Citigroup - S2C (less Spend) Implementation,"Citigroup Technology, Inc.",12/1/2024,Upsell,Implementation,25000,,"25,000",,,,,Krishna Prasad Jayarajan,1244,TSO,Implementation
T1708,,FPL - S2P Implementation,PricewaterhouseCoopers Advisory Services LLC | Florida Power & Light Company-Partner,12/1/2024,New,Implementation,217583,,"217,583",,,,,Mattie Farnsworth,3243,Sales,Implementation
T1709,3.08E+11,Sembcorp - S2C Implementation Fees,Sembcorp Industries Ltd.,12/1/2024,Upsell,Implementation,12569,,"12,569",,,,,Muralidhar Narayana,2892,TSO,Implementation
T1710,,Insulet - Spend & Sourcing License Fees,Insulet Corporation,12/1/2024,New,License,"155,000",155000,,,,,,William Hoffman,3337,Sales,License
T1711,,Insulet - Spend & Sourcing Implementation Fees,Insulet Corporation,12/1/2024,New,Implementation,165000,,"165,000",,,,,William Hoffman,3338,Sales,Implementation
T1712,,CostDrivers/Datamark - license,CostDrivers/Datamark,12/1/2024,New,License,"37,500",37500,,,,,,Luis Patino,2426,Sales,License
T1713,3.08E+11,State Street Spend Analysis License,State Street,12/1/2024,Upsell,License,"30,000",30000,,,,,,Uday Singh,3152,Sales,License
T1714,3.08E+11,Northern Data - P2P License Fees,Northern Data AG,12/1/2024,New,License,"159,600",159600,,,,,,Bhumisha Vasani,3344,Sales,License
T1715,3.08E+11,Northern Data - P2P Implementation Fees,Northern Data AG,12/1/2024,New,Implementation,189000,,"189,000",,,,,Bhumisha Vasani,3345,Sales,Implementation
T1716,3.08E+11,APAR - S2P License Fees,APAR Industries Limited,12/1/2024,CrossSell,License,"236,000",236000,,,,,,Rajat Vij,3347,Sales,License
T1717,3.08E+11,Ivanhoe Affiliated - Supplier license Fees,"CAISSE DE DÉPÔT ET PLACEMENT DU QUÉBEC, (CDPQ)",12/1/2024,CrossSell,License,"35,000",35000,,,,,,Abhishek Garde,3349,Sales,License
T1718,3.08E+11,Phibro Animal - S2P License Fees,Phibro Animal Health Corporation,12/1/2024,New,License,"325,000",325000,,,,,,Rajmohan Nayak,3351,Sales,License
T1719,3.08E+11,Phibro Animal - S2P Implementation Fees,Phibro Animal Health Corporation,12/1/2024,New,Implementation,650000,,"650,000",,,,,Rajmohan Nayak,3352,Sales,Implementation
T1720,3.08E+11,Aeroports - S2C License Fees,AÉROPORTS DE MONTRÉAL,12/1/2024,New,License,"164,727",164727.4559,,,,,,Alvira Khan,3353,Sales,License
T1721,3.08E+11,Rashmi Group - S2P license,Rashmi Metalkis Limited,12/1/2024,New,License,"200,000",200000,,,,,,Meenakshi Wadhwa,3355,Sales,0
T1722,3.08E+11,PSP - S2P Implmentation Fees,PUBLIC SECTOR PENSION INVESTMENT BOARD,12/1/2024,Upsell,Implementation,27000,,"27,000",,,,,Doss Kuppuswamy,2736,TSO,Implementation
T1723,3.08E+11,7-Eleven - S2P Implementation Fees,7-Eleven Inc,12/1/2024,Upsell,Implementation,30000,,"30,000",,,,,Abhishek Ranjan,2675,TSO,Implementation
T1724,3.08E+11,Wieland - MI License Fees,Wieland-Werke AG,12/1/2024,New,License,"24,570",24570,,,,,,Anup Shetty,3357,GD,License
T1725,3.08E+11,Wieland - MI Implementation Fees,Wieland-Werke AG,12/1/2024,New,Implementation,5250,,"5,250",,,,,Anup Shetty,3358,GD,Implementation
T1726,,BCG (Pertamina) - Implementation,Pertamina,12/1/2024,Upsell,Implementation,17591.85219,,"17,592",,,,,Muralidhar Narayana,1157,TSO,Implementation
T1727,,"Schlage Lock Company, LLC - Implementation Fees","Schlage Lock Company, LLC",12/1/2024,Upsell,Implementation,7000,,"7,000",,,,,Mayur Jain,729,TSO,Implementation
T1728,,ABM - Helpdesk/Premium Support,ABM,12/1/2024,Upsell,Implementation,60000,,"60,000",,,,,Mayur Jain,7,TSO,Implementation
T1729,,Chevron Services Company - Add'l Implementation,Chevron Services Company,12/1/2024,Upsell,Implementation,425000,,"425,000",,,,,Johnson Fernandes,1240,TSO,Implementation
T1788,006IS000003pgocYAA,Rovensa - Spend Analystics and Opportunity Assessment TSO,Rovensa,12/1/2024,New,Implementation,17500,,"17,500",,,,,Aavni Piparsania,3375,GD,Implementation
T1730,3.08E+11,"EcoLab, Inc. - Quantum Upgrade Implementation",EcoLab,1/1/2025,Upsell,Implementation,550000,,"550,000",,,,,Mayur Jain,3368,TSO,Implementation
T1731,,RB Distribution (Dorman) - S2C Implementation Fees,"RB Distribution, Inc.",1/1/2025,Upsell,Implementation,10000,,"10,000",,,,,Mayur Jain,2700,TSO,Implementation
T1732,3.08E+11,API Group - S2P Implementation Fees,APi Group,1/1/2025,CrossSell,Implementation,4580000,,"4,580,000",,,,,Uday Singh,3370,Sales,Implementation
T1733,,PWC - ConocoPhillips nxtGen ERP Supply Chain Workstream Implementation,PricewaterhouseCoopers Advisory Services LLC,1/1/2025,Upsell,Implementation,173440,,"173,440",,,,,Johnson Fernandes,1897,TSO,Implementation
T1734,,Southern Co - Implementation,"Southern Company Service, Inc",1/1/2025,Upsell,Implementation,55000,,"55,000",,,,,Mayur Jain,944,TSO,Implementation
T1735,3.08E+11,IHG - S2C Implementation Fees,"Six Continents Hotels, Inc. (IHG)",1/1/2025,Upsell,Implementation,99000,,"99,000",,,,,Krishna Prasad Jayarajan,3045,TSO,Implementation
T1736,3.08E+11,Roche - Core Template,"F. Hoffman-La Roche, Ltd",1/1/2025,Upsell,Implementation,550000,,"550,000",,,,,Krishna Prasad Jayarajan,2691,TSO,Implementation
T1737,,Acuity Brands - S2P Implementation Fees,"Acuity Brands Lighting, Inc",1/1/2025,Upsell,Implementation,20580,,"20,580",,,,,Devang Oza,3006,TSO,Implementation
T1738,3.08E+11,Roche - Premium Support,"F. Hoffman-La Roche, Ltd",1/1/2025,Upsell,Implementation,757740,,"757,740",,,,,Krishna Prasad Jayarajan,2067,TSO,Implementation
T1739,3.08E+11,PTTEP - Malaysia Sourcing License,PTT Exploration and Production Public Company Limited,1/1/2025,Upsell,License,"44,444",44444,,,,,,Franic Seah,3388,Sales,License
T1740,3.08E+11,PTTEP - Malaysia Sourcing Implementation,PTT Exploration and Production Public Company Limited,1/1/2025,Upsell,Implementation,52222,,"52,222",,,,,Franic Seah,3387,Sales,Implementation
T1741,,Chevron - Additional Customer Premium Support,Chevron Services Company,1/1/2025,Upsell,Implementation,405000,,"405,000",,,,,Johnson Fernandes,1327,TSO,Implementation
T1742,3.08E+11,GEICO - S2C Implementation Fees,Government Employees Insurance Company (GEICO),2/1/2025,Upsell,Implementation,340000,,"340,000",,,,,Brian Bergersen,3191,Sales,Implementation
T1743,,ING - Premium Support,ING Bank N.V,2/1/2025,Upsell,Implementation,717216.0645,,"717,216",,,,,Devang Kapadia,3088,TSO,Implementation
T1744,3.08E+11,APAR - S2P Implementation Fees,APAR Industries Limited,2/1/2025,CrossSell,Implementation,577115,,"577,115",,,,,Rajat Vij,3348,Sales,Implementation
T1745,,Masco - Supply Chain Analyst,Masco,2/1/2025,Upsell,Implementation,60000,,"60,000",,,,,Mayur Jain,581,TSO,Implementation
T1746,3.08E+11,Ivanhoe Affiliated - Supplier Implementation Fees,"CAISSE DE DÉPÔT ET PLACEMENT DU QUÉBEC, (CDPQ)",2/1/2025,CrossSell,Implementation,104500,,"104,500",,,,,Abhishek Garde,3350,Sales,Implementation
T1747,3.08E+11,Roche - LumiraDx,"F. Hoffman-La Roche, Ltd",2/1/2025,Upsell,Implementation,115000,,"115,000",,,,,Krishna Prasad Jayarajan,3413,TSO,Implementation
T1748,3.08E+11,NEPI - S2C License Fees,NE Property B.V,2/1/2025,New,License,"190,316",190316.0376,,,,,,Bernard Remacle,3418,Sales,License
T1749,3.08E+11,NEPI - S2C Implementation Fees,NE Property B.V,2/1/2025,New,Implementation,249322.32,,"249,322",,,,,Bernard Remacle,3419,Sales,Implementation
T1750,3.08E+11,PWC - ConocoPhillips Marathon (MINT),PricewaterhouseCoopers Advisory Services LLC,2/1/2025,Upsell,Implementation,1475760,,"1,475,760",,,,,Sundar Subramanian,3421,TSO,Implementation
T1751,,Carigali Hess(CHOC) - Implementation,Carigali Hess,2/1/2025,Upsell,Implementation,22090,,"22,090",,,,,Muralidhar Narayana,3010,TSO,Implementation
T1752,,RB Distribution (Dorman) - S2C Implementation Fees,"RB Distribution, Inc.",2/1/2025,Upsell,Implementation,5500,,"5,500",,,,,Mayur Jain,2700,TSO,Implementation
T1753,,Radical - Contract & Supplier Management Implementation,Bpost limited (Radical Inc),2/1/2025,Upsell,Implementation,2976,,"2,976",,,,,Mayur Jain,3053,TSO,Implementation
T1754,3.08E+11,Fisher & Paykel - S2P License Fees,Fisher & Paykel Appliances Ltd.,2/1/2025,New,License,"109,000",109000,,,,,,Jack Keogh,3425,Sales,License
T1755,3.08E+11,Fisher & Paykel - S2P Implementation Fees,Fisher & Paykel Appliances Ltd.,2/1/2025,New,Implementation,341023.6373,,"341,024",,,,,Jack Keogh,3426,Sales,Implementation
T1756,3.08E+11,Adobe - S2P License Fees,Adobe Inc.,3/1/2025,New,License,"2,000,000",2000000,,,,,,Karson Keogh,3431,Sales,License
T1757,3.08E+11,Adobe - S2P Implementation Fees,Adobe Inc.,3/1/2025,New,Implementation,5000000,,"5,000,000",,,,,Karson Keogh,3432,Sales,Implementation
T1758,,Chevron Services Company - Add'l Implementation,Chevron Services Company,3/1/2025,Upsell,Implementation,7380000,,"7,380,000",,,,,Johnson Fernandes,1240,TSO,Implementation
T1759,3.08E+11,Citigroup - S2C (less Spend) License,"Citigroup Technology, Inc.",3/1/2025,Upsell,License,"180,000",180000,,,,,,Krishna Prasad Jayarajan,1243,TSO,License
T1760,3.08E+11,Citigroup - S2C UAT License,"Citigroup Technology, Inc.",3/1/2025,Upsell,License,"4,000",4000,,,,,,Krishna Prasad Jayarajan,2513,TSO,License
T1761,3.08E+11,Acuity Brands - S2P Implementation Fees,"Acuity Brands Lighting, Inc",3/1/2025,Upsell,Implementation,199200,,"199,200",,,,,Devang Oza,3006,TSO,Implementation
T1762,3.08E+11,Eversheds - S2C License,Eversheds Sutherland (International) LLP (ESI),3/1/2025,CrossSell,License,"55,000",55000,,,,,,Sourabh Sharma,2336,Sales,License
T1763,3.08E+11,Eversheds - S2C Implementation,Eversheds Sutherland (International) LLP (ESI),3/1/2025,CrossSell,Implementation,90000,,"90,000",,,,,Sourabh Sharma,2337,Sales,Implementation
T1764,3.08E+11,Bonneville - License Quantum Fees,Bonneville Power Administration,3/1/2025,Upsell,License,"250,000",250000,,,,,,Mayur Jain,3446,TSO,License
T1765,3.08E+11,Bonneville - Implementation Fees,Bonneville Power Administration,3/1/2025,Upsell,Implementation,600000,,"600,000",,,,,Mayur Jain,3447,TSO,Implementation
T1766,,Acuity Brands - S2P Implementation Fees,"Acuity Brands Lighting, Inc",3/1/2025,Upsell,Implementation,25800,,"25,800",,,,,Devang Oza,3006,TSO,Implementation
T1767,3.08E+11,Tower Hill - S2P License Fees,"Tower Hill Insurance Group, LLC",3/1/2025,New,License,"210,000",210000,,,,,,Mihir Veshvikar,3451,Sales,License
T1768,3.08E+11,Tower Hill - S2P Implementation Fees,"Tower Hill Insurance Group, LLC",3/1/2025,New,Implementation,342000,,"342,000",,,,,Mihir Veshvikar,3452,Sales,Implementation
T1769,3.08E+11,Aeroports - S2C Implementation Fees,Fluxym Canada Inc.,3/1/2025,New,Implementation,43300,,"43,300",,,,,Abhishek Garde,3354,Sales,Implementation
T1770,3.08E+11,"Exelon Business Services Co., LLC - S2P Implementation","Exelon Business Services, LLC",3/1/2025,Upsell,Implementation,1239962,,"1,239,962",,,,,Brian Bergersen,3453,Sales,Implementation
T1771,3.08E+11,Mahindra & Mahindra - S2P License,Mahindra and Mahindra Limited,3/1/2025,Upsell,License,"75,196",75196,,,,,,Meenakshi Wadhwa,3291,Sales,License
T1772,3.08E+11,Chevron - Digital Core Support,Chevron Services Company,3/1/2025,Upsell,Implementation,5750000,,"5,750,000",,,,,Johnson Fernandes,1570,TSO,Implementation
T1773,,Group SEB - Implementation,SEB Developpement SAS,3/1/2025,Upsell,Implementation,15574.02615,,"15,574",,,,,Mayur Jain,1170,TSO,Implementation
T1774,3.08E+11,Incitec - S2C License Fees,Incitec Pivot Pty Ltd,3/1/2025,New,License,"200,687",200687.4724,,,,,,Jack Keogh,3455,Sales,License
T1775,3.08E+11,Incitec - S2C Implementation Fees,Incitec Pivot Pty Ltd,3/1/2025,New,Implementation,200687.4724,,"200,687",,,,,Jack Keogh,3456,Sales,Implementation
T1776,3.08E+11,Ivanhoe Affiliated - S2C Implementation,"CAISSE DE DÉPÔT ET PLACEMENT DU QUÉBEC, (CDPQ)",3/1/2025,Upsell,Implementation,30000,,"30,000",,,,,Abhishek Garde,2741,Sales,Implementation
T1777,3.08E+11,McLane - S2P Implementation Fees,"McLane Company, Inc.",3/1/2025,Upsell,Implementation,195000,,"195,000",,,,,Devang Oza,2589,TSO,Implementation
T1778,3.08E+11,Valeo - S2C Implementation Fees,VALEO Management Services,3/1/2025,Upsell,Implementation,27514.11287,,"27,514",,,,,Krishna Prasad Jayarajan,2626,TSO,Implementation
T1779,3.08E+11,HCSC - Implementation Fees,Health Care Service Corporation (HCSC),3/1/2025,Upsell,Implementation,18500,,"18,500",,,,,Doss Kuppuswamy,2994,TSO,Implementation
T1780,3.08E+11,FPL - S2P Implementation,PricewaterhouseCoopers Advisory Services LLC | Florida Power & Light Company-Partner,3/1/2025,Upsell,Implementation,2618417,,"2,618,417",,,,,Mattie Farnsworth,3243,Sales,Implementation
T1781,3.08E+11,University of Oxford - S2C License Fees,The Chancellor Masters and Scholars of the University of Oxford,3/1/2025,New,License,"135,286",135285.5685,,,,,,Sam Zaki,3460,Sales,License
T1782,3.08E+11,University of Oxford - S2C Implementation Fees,The Chancellor Masters and Scholars of the University of Oxford,3/1/2025,New,Implementation,136895.2155,,"136,895",,,,,Sam Zaki,3461,Sales,Implementation
T1783,3.08E+11,Aryzta - S2C License Fees,Aryzta AG,3/1/2025,New,License,"341,590",341590.3069,,,,,,Stephan Hesselgren,3462,Sales,License
T1784,3.08E+11,Aryzta - S2C Implementation Fees,Aryzta AG,3/1/2025,New,Implementation,350000,,"350,000",,,,,Stephan Hesselgren,3463,Sales,Implementation
T1785,006IS000005AiRfYAK,HPE - Inventory Aggregated QTY Software,Eliant Inventory Solutions LP (HPE),3/1/2025,Upsell,Implementation,6500,,"6,500",,,,,Ryan Gianni,3467,GD,Implementation
T1786,,Unilever - Procurement Services (PAAS) FHV Pilot Impl,Unilever PAAS,3/1/2025,CrossSell,Implementation,313232.827,,"313,233",,,,,Joel Johnson,3391,GD,Implementation
T1787,006IS000003pgohYAA,Confluent Health - Spend Analystics and Opportunity Assessment TSO,Confluent Health,3/1/2025,New,Implementation,17500,,"17,500",,,,,Aavni Piparsania,3390,GD,Implementation
T1789,,Unilever - Procurement Services (PAAS) FHV Pilot Impl,Unilever PAAS,3/1/2025,CrossSell,Implementation,143734.2339,,"143,734",,,,,Joel Johnson,3391,GD,Implementation
T1790,3.08E+11,Fisher & Paykel - Change Management Implementation,Fisher & Paykel Appliances Ltd.,3/1/2025,New,Implementation,71046.59111,,"71,047",,,,,Jack Keogh,3427,Sales,Implementation
T1791,3.08E+11,Japfa - Accounts Payable & Supplier Implementation,PT Japfa Comfeed Indonesia Tbk,4/1/2025,Upsell,Implementation,160000,,"160,000",,,,,Muralidhar Narayana,2672,TSO,Implementation
T1792,006IS000003prIyYAI,HPE - RSP Visibility Expanding Fair Software,Eliant Inventory Solutions LP (HPE),4/1/2025,Upsell,Implementation,58050,,"58,050",,,,,Ryan Gianni,3484,GD,Implementation
T1793,3.08E+11,Roche - NEXXE UAT license,"F. Hoffman-La Roche, Ltd",4/1/2025,Upsell,License,"100,000",100000,,,,,,Krishna Prasad Jayarajan,3485,TSO,License
T1794,3.08E+11,Roche - NEXXE implementation 2025,"F. Hoffman-La Roche, Ltd",4/1/2025,Upsell,Implementation,1241160,,"1,241,160",,,,,Krishna Prasad Jayarajan,3497,TSO,Implementation
T1795,3.08E+11,"Exelon Business Services Co., LLC - UAT License","Exelon Business Services, LLC",4/1/2025,Upsell,License,"284,334",284334,,,,,,Brian Bergersen,3499,Sales,License
T1796,3.08E+11,ExxonMobil - Data Extraction,ExxonMobil Corporation,4/1/2025,Upsell,Implementation,57600,,"57,600",,,,,Mayur Jain,3495,TSO,Implementation
T1797,3.10E+11,BCG (Pertamina) - Implementation,Pertamina,4/1/2025,Upsell,Implementation,25235.76735,,"25,236",,,,,Muralidhar Narayana,1157,TSO,Implementation
T1798,3.08E+11,Bank of America - S2P Implementation,Bank of America N.A.,4/1/2025,Upsell,Implementation,2578000,,"2,578,000",,,,,Stephanie Robertson,1489,TSO,Implementation
T1799,3.08E+11,FPL - Enhancement,Florida Power & Light Company,4/1/2025,Upsell,Implementation,425000,,"425,000",,,,,Krishna Prasad Jayarajan,3508,TSO,Implementation
T1800,3.08E+11,Petronas - SRM & CLM Implementation,Petronas ICT SDN BHD,4/1/2025,Upsell,Implementation,125000,,"125,000",,,,,Mithesh Devadiga,1307,TSO,Implementation
T1801,3.08E+11,Keyera - S2P license,Keyera Partnership,4/1/2025,New,License,"325,000",325000,,,,,,Karson Keogh,3511,Sales,License
T1802,3.08E+11,Keyera - S2P implemenation,Keyera Partnership,4/1/2025,New,Implementation,2500000,,"2,500,000",,,,,Karson Keogh,3512,Sales,Implementation
T1803,3.08E+11,PWC Conocophilips - Stabilization Support,PricewaterhouseCoopers Advisory Services LLC,5/1/2025,Upsell,Implementation,287200,,"287,200",,,,,Sundar Subramanian,3616,TSO,Implementation
T1804,3.08E+11,API Group - Chubb - GEP Green Pilot license,APi Group,5/1/2025,New,License,"40,000",40000,,,,,,Prapti Shetty,3513,Sales,License
T1805,3.08E+11,API Group - Chubb - GEP Green Pilot implementation,APi Group,5/1/2025,New,Implementation,60000,,"60,000",,,,,Prapti Shetty,3514,Sales,Implementation
T1806,,Idahoan Foods - S2P Implementation Fees,Idahoan Foods,5/1/2025,Upsell,Implementation,20000,,"20,000",,,,,Krishna Prasad Jayarajan,3122,TSO,Implementation
T1807,3.08E+11,Chevron - Additional Customer Premium Support,Chevron Services Company,5/1/2025,Upsell,Implementation,1215000,,"1,215,000",,,,,Johnson Fernandes,1327,TSO,Implementation
T1808,,GEICO - S2C Implementation Fees,Government Employees Insurance Company (GEICO),5/1/2025,Upsell,Implementation,85000,,"85,000",,,,,Doss Kuppuswamy,3191,TSO,Implementation
T1809,,Synopsys - S2C License,Synopsys Inc,5/1/2025,Upsell,License,"20,000",20000,,,,,,Mayur Jain,2199,TSO,License
T1810,,Synopsys - S2C Implementation,Synopsys Inc,5/1/2025,Upsell,Implementation,12000,,"12,000",,,,,Mayur Jain,2200,TSO,Implementation
T1811,,DuPont - Spend License,DuPont,5/1/2025,Upsell,License,"97,750",97750,,,,,,Mayur Jain,3525,TSO,License
T1812,,DuPont - Implementaton Fees,DuPont,5/1/2025,Upsell,Implementation,30000,,"30,000",,,,,Mayur Jain,3526,TSO,Implementation
T1813,3.08E+11,Caterpillar - SRM implementation,Caterpillar Inc.,5/1/2025,Upsell,Implementation,42236,,"42,236",,,,,Krishna Prasad Jayarajan,2283,TSO,Implementation
T1814,,Wartsila - P2P License Fees,Wartsila Corporation,5/1/2025,CrossSell,Implementation,0,0,,,,,,Bernard Remacle,3528,Sales,0
T1815,3.08E+11,Bank of America - Risk Redesign Implementation,Bank of America N.A.,5/1/2025,Upsell,Implementation,1460000,,"1,460,000",,,,,Stephanie Robertson,3507,TSO,Implementation
T1816,,PWC - ConocoPhilips Click TSM Intregration,PricewaterhouseCoopers Advisory Services LLC,5/1/2025,Upsell,Implementation,51160,,"51,160",,,,,Sundar Subramanian,3558,TSO,Implementation
T1817,3.08E+11,Hibiscus - S2C License Fees,Hibiscus Oil & Gas Malaysia Limited,6/1/2025,CrossSell,License,"120,000",120000,,,,,,Rajat Vij,3561,Sales,License
T1818,3.08E+11,Hibiscus - S2C Implementation Fees,Hibiscus Oil & Gas Malaysia Limited,6/1/2025,CrossSell,Implementation,10200,,"10,200",,,,,Rajat Vij,3562,Sales,Implementation
T1819,3.08E+11,Indorama Ventures Global Services Limited - GEP Adapter License,Indorama Ventures Global Services Limited,6/1/2025,CrossSell,License,"30,000",30000,,,,,,Abhishek Ranjan,3563,TSO,License
T1820,3.08E+11,Indorama Ventures Global Services Limited - S/4 Instance,Indorama Ventures Global Services Limited,6/1/2025,CrossSell,Implementation,24450,,"24,450",,,,,Abhishek Ranjan,3564,TSO,Implementation
T1821,006IS0000059na4YAA,Mercedes - License Fees,Mercedes-Benz Group AG,6/1/2025,New,License,"632,500",632500,,,,,,JP Lauer,3568,GD,License
T1822,006IS0000059na4YAA,Mercedes - Implementation Fees,Mercedes-Benz Group AG,6/1/2025,New,Implementation,517500,,"517,500",,,,,JP Lauer,3567,GD,Implementation
T1823,,Roche - NEXXE Aspire Rollout & Retrofits iCollab,"F. Hoffman-La Roche, Ltd",6/1/2025,Upsell,Implementation,149040,,"149,040",,,,,Krishna Prasad Jayarajan,3593,TSO,Implementation
T1824,3.08E+11,Caterpillar - Direct S2C Implementation Upsell,Caterpillar Inc.,6/1/2025,Upsell,Implementation,710000,,"710,000",,,,,Krishna Prasad Jayarajan,3570,TSO,Implementation
T1825,,Spectrum Health System (Implementation Fees),Spectrum Health,6/1/2025,Upsell,Implementation,8500,,"8,500",,,,,Mayur Jain,761,TSO,Implementation
T1826,3.08E+11,Kingston - P2O license fees,Kingston Midstream Limited,6/1/2025,New,License,"107,000",107000,,,,,,Alvira Khan,3575,Sales,License
T1827,,Protiviti - Spend Analysis Fees,Protiviti Inc.,6/1/2025,Upsell,Implementation,30000,,"30,000",,,,,Mayur Jain,2941,TSO,Implementation
T1829,3.08E+11,Servicios Corporativous Ideal - S2P License Fees,Servicios Corporativos IDEAL,6/1/2025,New,License,"136,500",136500,,,,,,Luis Patino,3574,Sales,License
T1830,3.08E+11,Citigroup - S2C (less Spend) Implementation,"Citigroup Technology, Inc.",6/1/2025,Upsell,Implementation,1265000,,"1,265,000",,,,,Krishna Prasad Jayarajan,1244,TSO,Implementation
T1831,3.08E+11,Phillips 66 - Sourcing License,Phillips 66 Company,6/1/2025,New,License,"210,000",210000,,,,,,James Higgins,3577,Sales,License
T1832,3.08E+11,Phillips 66 - Sourcing Implementation,Phillips 66 Company,6/1/2025,New,Implementation,280000,,"280,000",,,,,James Higgins,3578,Sales,Implementation
T1833,,Hologic - Sourcing Management with Automonous Sourcing License,"Hologic, Inc.",7/1/2025,CrossSell,License,"200,000",200000,,,,,,Mayur Jain,3590,TSO,License
T1834,,Roche - Wave D,"F. Hoffman-La Roche, Ltd",7/1/2025,Upsell,Implementation,753800,,"753,800",,,,,Krishna Prasad Jayarajan,3551,TSO,Implementation
T1835,,Roche - Wave E,"F. Hoffman-La Roche, Ltd",7/1/2025,Upsell,Implementation,936400,,"936,400",,,,,Krishna Prasad Jayarajan,3594,TSO,Implementation
T1836,006IS0000031lKVYAY,Wartsila - GEP Assist License,Wartsila Corporation,7/1/2025,New,License,"44,701",44701.02733,,,,,,Franck Capron,3601,GD,License
T1837,006IS0000031lKVYAY,Wartsila - Digital Category Card License,Wartsila Corporation,7/1/2025,New,License,"27,938",27938.14208,,,,,,Franck Capron,3602,GD,License
T1838,3.08E+11,McDermott - P2P License,McDermott Inc.,6/1/2025,New,License,"319,000",319000,,,,,,Pratik Shah,3604,Sales,License
T1839,3.08E+11,McDermott - P2P Implementation,McDermott Inc.,6/1/2025,New,Implementation,518000,,"518,000",,,,,Pratik Shah,3605,Sales,Implementation
T1840,,Petronas - Stabilization Support,Petronas ICT SDN BHD,6/1/2025,Upsell,Implementation,350000,,"350,000",,,,,Mithesh Devadiga,2082,TSO,Implementation
T1841,,Acuity Brands - S2P Implementation Fees,"Acuity Brands Lighting, Inc",6/1/2025,Upsell,Implementation,17400,,"17,400",,,,,Devang Oza,3006,TSO,Implementation
T1842,,Hologic - Sourcing Management with Automonous Sourcing Implementation,"Hologic, Inc.",7/1/2025,CrossSell,Implementation,50000,,"50,000",,,,,Mayur Jain,3591,TSO,Implementation
T1843,,United Group - S2C License fees,UG Croatia d.o.o,6/1/2025,Upsell,License,"6,660",6660,,,,,,Mayur Jain,2911,TSO,License
T1844,,ConocoPhilips - Premium Support,ConocoPhillips Company,6/1/2025,Upsell,Implementation,73069.5,,"73,069",,,,,Devang Kapadia,2514,TSO,Implementation
T1845,,ING - Premium Support,ING Bank N.V,6/1/2025,Upsell,Implementation,65246.34514,,"65,246",,,,,Devang Kapadia,3088,TSO,Implementation
T1848,,Mondelez - FHV Transaction Fees - Software GEP,Mondelez Global LLC,6/1/2025,Upsell,License,"2,352",2351.92375,,,,,,Ashwin Kumar,3321,GD,License
T1849,,Mondelez - FHV Transaction Fees - Software,Mondelez Global LLC,6/1/2025,Upsell,License,"7,056",7055.77125,,,,,,Ashwin Kumar,3319,GD,0
T1850,,Bayer - R&D FHV - GEP - Software,Bayer AG,6/1/2025,Upsell,License,"3,264",3264.38375,,,,,,Joel Johnson,3132,GD,License
T1851,,Bayer - R&D FHV - Software,Bayer AG,6/1/2025,Upsell,License,"9,793",9793.15125,,,,,,Joel Johnson,3070,GD,0
T1852,,Accor - Transaction Fees Software GEP,ACCOR SA,6/1/2025,Upsell,License,"1,594",1594.227657,,,,,,Joel Johnson,3532,GD,License
T1853,,Accor - Transaction Fees Software FHV,ACCOR SA,6/1/2025,Upsell,License,"4,783",4782.68297,,,,,,Joel Johnson,3534,GD,0
T1854,3.08E+11,Bharti Airtel - S2O License Fees,Bharti Airtel Limited,7/1/2025,New,License,"312,641",312641.28,,,,,,Meenakshi Wadhwa,3609,Sales,License
T1855,3.08E+11,Bharti Airtel - S2O Implementation Fees,Bharti Airtel Limited,7/1/2025,New,Implementation,520970,,"520,970",,,,,Meenakshi Wadhwa,3610,Sales,Implementation
T1856,,PWC Conocophilips - KPOC,PricewaterhouseCoopers Advisory Services LLC,7/1/2025,Upsell,Implementation,178000,,"178,000",,,,,Sundar Subramanian,3617,TSO,Implementation
T1857,3.08E+11,Hindalco - S2P License Fees,Hindalco Industries Limited,7/1/2025,New,License,"398,711",398710.68,,,,,,Meenakshi Wadhwa,3627,Sales,License
T1858,3.08E+11,Hindalco - S2P Implementation Fees,Hindalco Industries Limited,7/1/2025,New,Implementation,388915.7539,,"388,916",,,,,Meenakshi Wadhwa,3628,Sales,Implementation
T1859,3.08E+11,Roche - Premium Support Extension,"F. Hoffman-La Roche, Ltd",7/1/2025,Upsell,Implementation,757740,,"757,740",,,,,Krishna Prasad Jayarajan,3630,TSO,Implementation
T1860,3.08E+11,Roche - Core Template Extension,"F. Hoffman-La Roche, Ltd",7/1/2025,Upsell,Implementation,550000,,"550,000",,,,,Krishna Prasad Jayarajan,3629,TSO,Implementation
T1861,3.08E+11,Indorama Ventures Global Services Limited - License P2P,Indorama Ventures Global Services Limited,7/1/2025,Upsell,License,"40,000",40000,,,,,,Prasad Sawant,3632,TSO,License
T1862,3.08E+11,Indorama Ventures Global Services Limited - Implementation P2P,Indorama Ventures Global Services Limited,7/1/2025,Upsell,Implementation,32000,,"32,000",,,,,Prasad Sawant,3633,TSO,Implementation
T1863,3.08E+11,Philips - UAT License,Philips Electronics Nederland B.V.,7/1/2025,Upsell,License,"22,351",22350.51367,,,,,,Krishna Prasad Jayarajan,3272,TSO,License
T1864,3.08E+11,Philips - UAT Implementation,Philips Electronics Nederland B.V.,7/1/2025,Upsell,Implementation,22350.51367,,"22,351",,,,,Krishna Prasad Jayarajan,3273,TSO,Implementation
T1865,3.08E+11,Port of Tanjung - CLM License Fees,Pelabuhan Tanjung Pelepas SDN BHD,7/1/2025,New,License,"63,616",63616.41,,,,,,Rajat Vij,3639,Sales,License
T1866,3.08E+11,Port of Tanjung - CLM Implementation Fees,Pelabuhan Tanjung Pelepas SDN BHD,7/1/2025,New,Implementation,123698.575,,"123,699",,,,,Rajat Vij,3640,Sales,Implementation
T1867,,Acuity Brands - S2P Implementation Fees,"Acuity Brands Lighting, Inc",7/1/2025,Upsell,Implementation,282796,,"282,796",,,,,Devang Oza,3006,TSO,Implementation
T1868,,ConocoPhilips - Premium Support,ConocoPhillips Company,7/1/2025,Upsell,Implementation,126590,,"126,590",,,,,Devang Kapadia,2514,TSO,Implementation
T1869,3.08E+11,Ports America - Spend License Fees,"Ports America Shared Services, Inc",7/1/2025,New,License,"71,500",71500,,,,,,Brian Bergersen,3645,Sales,License
T1870,3.08E+11,Ports America - Spend Implementation Fees,"Ports America Shared Services, Inc",7/1/2025,New,Implementation,40000,,"40,000",,,,,Brian Bergersen,3646,Sales,Implementation
T1871,3.08E+11,University of Oxford - S2C Implementation Fees,The Chancellor Masters and Scholars of the University of Oxford,7/1/2025,Upsell,Implementation,33870.90755,,"33,871",,,,,Krishna Prasad Jayarajan,3461,TSO,Implementation
T1872,3.08E+11,ING - S2C Implementation Fees,ING Bank N.V,8/1/2025,Upsell,Implementation,164575,,"164,575",,,,,Devang Kapadia,3004,TSO,Implementation
T1873,3.08E+11,ConocoPhilips - Enhancements,PricewaterhouseCoopers Advisory Services LLC,8/1/2025,Upsell,Implementation,420000,,"420,000",,,,,Sundar Subramanian,3652,TSO,Implementation
T1874,3.08E+11,Petronas - Enhancement Delivery,Petronas ICT SDN BHD,8/1/2025,Upsell,Implementation,255000,,"255,000",,,,,Mithesh Devadiga,2622,TSO,Implementation
T1875,,Bekaert - Implementation,"NV BEKAERT S.A.,",8/1/2025,Upsell,Implementation,24000,,"24,000",,,,,Mayur Jain,1569,TSO,Implementation
T1876,,Roche - Wave 11 China Pharma Retrofits,"F. Hoffman-La Roche, Ltd",8/1/2025,Upsell,Implementation,508800,,"508,800",,,,,Krishna Prasad Jayarajan,3661,TSO,Implementation
T1877,3.08E+11,Petronas - S4 Implementation,Petronas ICT SDN BHD,8/1/2025,Upsell,Implementation,500000,,"500,000",,,,,Mithesh Devadiga,3093,TSO,Implementation
T1878,,Hologic - Supplier Implementation,"Hologic, Inc.",8/1/2025,Upsell,Implementation,25000,,"25,000",,,,,Lakshmy,3662,GD,Implementation
T1879,,Lenovo - Implementation Fees,Lenovo HK Service Ltd,8/1/2025,Upsell,Implementation,169000,,"169,000",,,,,Mayur Jain,1718,TSO,Implementation
T1880,,ING - P2P Implementation Fees,ING Bank N.V,8/1/2025,Upsell,Implementation,34500,,"34,500",,,,,Devang Kapadia,3716,TSO,Implementation
T1881,,Group SEB - License,SEB Developpement SAS,8/1/2025,Upsell,License,"17,250",17250,,,,,,Mayur Jain,1169,TSO,License
T1882,,Group SEB - Implementation,SEB Developpement SAS,8/1/2025,Upsell,Implementation,2300,,"2,300",,,,,Mayur Jain,1170,TSO,Implementation
T1883,3.08E+11,Bangalore Airport - S2P License Fees,Bangalore International Airport Limited,8/1/2025,New,License,"205,000",205000,,,,,,Sourabh Sharma,3670,Sales,License
T1884,3.08E+11,Bangalore Airport - S2P Implementation Fees,Bangalore International Airport Limited,8/1/2025,New,Implementation,166500,,"166,500",,,,,Sourabh Sharma,3671,Sales,Implementation
T1885,3.08E+11,SIBS - S2C License Fees,"SIBS Gest, S.A.",8/1/2025,New,License,"57,500",57500,,,,,,Sourabh Sharma,3674,Sales,License
T1886,3.08E+11,SIBS - S2C Implementation Fees,"SIBS Gest, S.A.",8/1/2025,New,Implementation,79450,,"79,450",,,,,Sourabh Sharma,3675,Sales,Implementation
T1887,3.08E+11,3M - S2P License fees,3M Company,8/1/2025,New,License,"2,964,835",2964835,,,,,,Addison Cauley,3678,Sales,License
T1888,3.08E+11,3M - S2P Implementation fees,3M Company,8/1/2025,New,Implementation,7188600,,"7,188,600",,,,,Addison Cauley,3679,Sales,Implementation
T1889,,Petronas - Stabilization Support,Petronas ICT SDN BHD,9/1/2025,Upsell,Implementation,250000,,"250,000",,,,,Mithesh Devadiga,2082,TSO,Implementation
T1890,,Roche - Retrofit ASPIRE APAC Wave 10 Chugai,"F. Hoffman-La Roche, Ltd",9/1/2025,Upsell,Implementation,649000,,"649,000",,,,,Krishna Prasad Jayarajan,3681,TSO,Implementation
T1891,3.08E+11,Mirvac - Sourcing & Contract License Fees,Mirvac Procurement Pty Ltd.,9/1/2025,New,License,"108,462",108462.4058,,,,,,Jack Keogh,3682,Sales,License
T1892,3.08E+11,Mirvac - Sourcing & Contract Implementation Fees,Mirvac Procurement Pty Ltd.,9/1/2025,New,Implementation,35462.40581,,"35,462",,,,,Jack Keogh,3683,Sales,Implementation
T1893,,Indorama Ventures Global Services Limited - Premium Support,Indorama Ventures Global Services Limited,9/1/2025,Upsell,Implementation,108000,,"108,000",,,,,Mayur Jain,3690,TSO,Implementation
T1894,,BCG - Spend Analysis & OA Software,"Boston Consulting Group, Inc.",9/1/2025,New,Implementation,30000,,"30,000",,,,,Rohan Patkar,3694,GD,Implementation
T1895,,"Sidley Austin, LLP - Implementation Fees","Sidley Austin, LLP",9/1/2025,Upsell,Implementation,10000,,"10,000",,,,,Mayur Jain,753,TSO,Implementation
T1896,3.08E+11,Incitec (Southern) - S2C License Fees,Southern Cross Operations Limited,9/1/2025,New,License,"48,675",48675,,,,,,Jack Keogh,3697,Sales,License
T1897,3.10E+11,BCG (Pertamina) - Implementation,Pertamina,9/1/2025,Upsell,Implementation,25605,,"25,605",,,,,Muralidhar Narayana,1157,TSO,Implementation
T1898,3.13E+11,Roche - Wave E APAC,"F. Hoffman-La Roche, Ltd",9/1/2025,Upsell,Implementation,50000,,"50,000",,,,,Krishna Prasad Jayarajan,3700,TSO,Implementation
T1899,,Unilever - Steady State Fees - FHV Maint Cost Software,Unilever PAAS,9/1/2025,Upsell,License,"$345,000 ",345000,,,,,,Mudit Kumar,3702,GD,License
T1900,3.08E+11,Daikin - Sourcing License,Daikin Europe N.V.,9/1/2025,New,License,"17,262",17261.50417,,,,,,Patrick Van Osta,3703,Sales,License
T1901,3.08E+11,Daikin - Sourcing Implementation,Daikin Europe N.V.,9/1/2025,New,Implementation,23015.33889,,"23,015",,,,,Patrick Van Osta,3704,Sales,Implementation
T1902,3.08E+11,Acuity Brands - Contract Extraction,"Acuity Brands Lighting, Inc",9/1/2025,Upsell,Implementation,30000,,"30,000",,,,,Devang Oza,3705,TSO,Implementation
T1903,,Mega Labs - S2C Implementation Fees,Mega Labs S.A./Italmex S.A,9/1/2025,Upsell,Implementation,30000,,"30,000",,,,,Maria Tinoco,2981,TSO,Implementation
T1904,3.08E+11,The Children's Place - Sourcing License,The Children's Place,9/1/2025,New,License,"55,000",55000,,,,,,Mihir Veshvikar,3719,Sales,License
T1905,3.08E+11,The Children's Place - Sourcing Implementation,The Children's Place,9/1/2025,New,Implementation,40000,,"40,000",,,,,Mihir Veshvikar,3720,Sales,Implementation
T1906,3.08E+11,Melbourne Airports - S2C License,Australia Pacific Airports (Melborne) Pty Limited,10/1/2025,New,License,"222,121",222120.6155,,,,,,Jack Keogh,3721,Sales,License
T1907,3.08E+11,Melbourne Airports - S2C Implementation,Australia Pacific Airports (Melborne) Pty Limited,10/1/2025,New,Implementation,303954.5265,,"303,955",,,,,Jack Keogh,3722,Sales,Implementation
T1908,,RB Distribution (Dorman) - S2C License Fees,"RB Distribution, Inc.",9/1/2025,Upsell,License,"70,000",70000,,,,,,Mayur Jain,2699,TSO,License
T1909,3.08E+11,Gentari - S2P License Fees,Gentari SDN BHD,10/1/2025,New,License,"138,263",138263.4283,,,,,,Rajiv Upadhyay,3723,Sales,License
T1910,3.08E+11,Gentari - S2P Implmentation Fees,Gentari SDN BHD,10/1/2025,New,Implementation,186592.8201,,"186,593",,,,,Rajiv Upadhyay,3724,Sales,Implementation
T1911,3.08E+11,Central1 - S2P License Fees,Central 1 Credit Union,9/1/2025,New,License,"195,857",195856.6683,,,,,,Alvira Khan,3725,Sales,License
T1912,3.23E+11,NCOC - Enhancement Fees CO1,North Caspian Operating Company N.V,9/1/2025,Upsell,Implementation,349500,,"349,500",,,,,Mithesh Devadiga,3729,TSO,Implementation
T1913,,HPE - Samsung Meta scope Software,Eliant Inventory Solutions LP (HPE),9/1/2025,Upsell,Implementation,24440,,"24,440",,,,,Ryan Gianni,3676,GD,Implementation
T1914,,ABM - Helpdesk/Premium Support,ABM,10/1/2025,Upsell,Implementation,60000,,"60,000",,,,,Mayur Jain,7,TSO,Implementation
T1915,,BCG - Sourcing License,The Boston Consulting Group (Thailand) Ltd.,9/1/2025,Upsell,License,"2,500",2500,,,,,,Abhishek Ranjan,3181,TSO,License
T1916,,Accor - Transaction Fees Software GEP,ACCOR SA,9/1/2025,Upsell,License,430.2742319,430.2742319,,,,,,Joel Johnson,3532,GD,License
T1917,,Accor - Transaction Fees Software FHV,ACCOR SA,9/1/2025,Upsell,License,"1,291",1290.822696,,,,,,Joel Johnson,3534,GD,0
T1918,,Bayer - R&D FHV - GEP - Software,Bayer AG,9/1/2025,Upsell,License,"1,220",1219.88375,,,,,,Joel Johnson,3132,GD,License
T1919,,Bayer - R&D FHV - Software,Bayer AG,9/1/2025,Upsell,License,"3,660",3659.65125,,,,,,Joel Johnson,3070,GD,0
T1920,,HPE - One Network Implementation,Eliant Inventory Solutions LP (HPE),9/1/2025,Upsell,Implementation,35000,,"35,000",,,,,Ryan Gianni,2603,GD,Implementation
T1921,,NEOM S2P License,NEOM Company,9/1/2025,Upsell,License,"522,962",522962.1333,,,,,,Abdel Halim,2704,Sales,License
T1922,,NEOM S2P Implementation,NEOM Company,9/1/2025,Upsell,Implementation,98765.33333,,"98,765",,,,,Abdel Halim,2705,Sales,Implementation
T1923,,University of Arizona - License Fees,The University of Arizona,10/1/2025,New,License,"630,000",630000,,,,,,James Higgins,3731,Sales,License
T1924,3.08E+11,University of Arizona - Implementation Fees Phase 1,The University of Arizona,10/1/2025,New,Implementation,350000,,"350,000",,,,,James Higgins,3732,Sales,Implementation
T1925,3.08E+11,University of Arizona - Implementation Fees Phase 2,The University of Arizona,10/1/2025,New,Implementation,475000,,"475,000",,,,,James Higgins,3733,Sales,Implementation
T1926,,ConocoPhillips - PEPPOL Implementation,PricewaterhouseCoopers Advisory Services LLC,10/1/2025,Upsell,Implementation,3200,,"3,200",,,,,Sundar Subramanian,3223,TSO,Implementation
T1927,3.08E+11,Purflux - Contract & Supplier License Fees,Purflux Filtration SAS,10/1/2025,New,License,"72,352",72351.52063,,,,,,Bernard Remacle,3737,Sales,License
T1928,3.08E+11,Roy Hills - S2C License Fees,Roy Hills Holdings Pty Ltd,10/1/2025,New,License,"255,031",255031.452,,,,,,Jack Keogh,3742,Sales,License
T1929,3.08E+11,Roy Hills - S2C Implementation Fees,Roy Hills Holdings Pty Ltd,10/1/2025,New,Implementation,378922.7,,"378,923",,,,,Jack Keogh,3743,Sales,Implementation
T1930,3.08E+11,ING - P2P Implementation Fees,ING Bank N.V,10/1/2025,Upsell,Implementation,437000,,"437,000",,,,,Bernard Remacle,3716,Sales,Implementation
T1931,,Roche - Retrofit of ASPIRE Wave 3 Glycart,"F. Hoffman-La Roche, Ltd",10/1/2025,Upsell,Implementation,14700,,"14,700",,,,,Krishna Prasad Jayarajan,3252,TSO,Implementation
T1932,,Aryzta - S2C Implementation Fees,Aryzta AG,10/1/2025,Upsell,Implementation,48000,,"48,000",,,,,Kokila Roy,3463,TSO,Implementation
T1933,,Whole Foods - Data Enrichment Processing Services,"Whole Foods Market Services, Inc",10/1/2025,Upsell,Implementation,175000,,"175,000",,,,,Shankar Babu,3748,TSO,Implementation
T1934,,Roche - Retrofit of ASPIRE Wave 3 Glycart,"F. Hoffman-La Roche, Ltd",10/1/2025,Upsell,Implementation,,,,,,,,Krishna Prasad Jayarajan,3252,TSO,Implementation
T1935,,Roche - Wave D Aspire EMEA and NALA,"F. Hoffman-La Roche, Ltd",10/1/2025,Upsell,Implementation,7350,,"7,350",,,,,Krishna Prasad Jayarajan,3751,TSO,Implementation
T1936,3.08E+11,API Group - S2P Addl. Implementation Fees,APi Group,10/1/2025,Upsell,Implementation,112000,,"112,000",,,,,Devang Oza,3685,TSO,Implementation
T1937,3.08E+11,API Group - Data QA domain implementation,APi Group,10/1/2025,Upsell,Implementation,48000,,"48,000",,,,,Devang Oza,3752,TSO,Implementation
T1938,3.08E+11,API Group - Data QA domain License,APi Group,10/1/2025,Upsell,License,"175,000",175000,,,,,,Devang Oza,3754,TSO,License
T1939,3.08E+11,API Group - Wave 1 Implementation Extension,APi Group,10/1/2025,Upsell,Implementation,330000,,"330,000",,,,,Devang Oza,3753,TSO,Implementation
T1940,,Roche - Retrofit of ASPIRE Wave 2 NALA GNE,"F. Hoffman-La Roche, Ltd",10/1/2025,Upsell,Implementation,31920,,"31,920",,,,,Kokila Roy,2954,TSO,Implementation
T1941,3.08E+11,Dick's - S2P License Fees,"Dick's Sporting Goods, Inc",10/1/2025,New,License,"678,825",678825,,,,,,Brian Bergersen,3766,Sales,License
T1942,3.08E+11,Dick's - S2P Implementation Fees,"Dick's Sporting Goods, Inc",10/1/2025,New,Implementation,407997,,"407,997",,,,,Brian Bergersen,3767,Sales,Implementation
T1943,3.08E+11,PTTEP - S/4 Transition,PTT Exploration and Production Public Company Limited,10/1/2025,Upsell,Implementation,360000,,"360,000",,,,,Muralidhar Narayana,3756,TSO,Implementation
T1944,,Kellogg Technology - Implementation,Kellanova,10/1/2025,Upsell,Implementation,49500,,"49,500",,,,,Ravi Vellpula,524,GD,Implementation
T1945,,Citigroup - Supplier Cleanup for Banamex,"Citigroup Technology, Inc.",11/1/2025,Upsell,Implementation,20000,,"20,000",,,,,LokeshKumar Palanisamy,3785,TSO,Implementation
T1946,,Acuity Brands - S2P Implementation Fees,"Acuity Brands Lighting, Inc",11/1/2025,Upsell,Implementation,274896,,"274,896",,,,,Devang Oza,3006,TSO,Implementation
T1947,,Mega Labs - S2C Implementation Fees,Mega Labs S.A./Italmex S.A,11/1/2025,Upsell,Implementation,25000,,"25,000",,,,,Maria Tinoco,2981,TSO,Implementation
T1948,006IS0000059na4YAA,Mercedes - License Fees,Mercedes-Benz Group AG,11/1/2025,New,License,"-230,000",-230000,,,,,,JP Lauer,3568,GD,License
T1949,006IS0000059na4YAA,Mercedes - Implementation Fees,Mercedes-Benz Group AG,11/1/2025,New,Implementation,-230000,,"-230,000",,,,,JP Lauer,3567,GD,Implementation
T1950,,Acuity Brands - Continuous Improvement COE,"Acuity Brands Lighting, Inc",11/1/2025,Upsell,Implementation,421919.8182,,"421,920",,,,,Devang Oza,3715,TSO,Implementation
T1951,,INEOS - S2P License Fees,INEOS Europe AG,11/1/2025,New,License,"306,556",306555.5,,,,,,Bernard Remacle,3787,Sales,License
T1952,,INEOS - S2P Implementation Fees,INEOS Europe AG,11/1/2025,New,Implementation,1017506.291,,"1,017,506",,,,,Bernard Remacle,3788,Sales,Implementation
T1953,3.42E+11,Petronas - L2 Support,Petronas ICT SDN BHD,11/1/2025,Upsell,Implementation,1100000,,"1,100,000",,,,,Mithesh Devadiga,3799,TSO,Implementation
T1954,3.08E+11,Roche - NEXXE implementation 2025/26,"F. Hoffman-La Roche, Ltd",11/1/2025,Upsell,Implementation,1342356,,"1,342,356",,,,,Krishna Prasad Jayarajan,3768,TSO,Implementation
T1955,,Rich Products - Spend Pilot,Rich Products Corporation,11/1/2025,CrossSell,Implementation,7000,,"7,000",,,,,Rafiq Merchant,3798,GD,Implementation
T1956,3.08E+11,SIBS - S2C Implementation Fees,"SIBS Gest, S.A.",11/1/2025,New,Implementation,-11500,,"-11,500",,,,,Sourabh Sharma,3675,Sales,Implementation
T1957,,Petronas - Timewrite mass PO Load,Petronas ICT SDN BHD,11/1/2025,Upsell,Implementation,30000,,"30,000",,,,,Mithesh Devadiga,3265,TSO,Implementation
T1958,3.43E+11,NEOM S2P Implementation Training,NEOM Company,11/1/2025,Upsell,Implementation,5250.4,,"5,250",,,,,Mithesh Devadiga,3804,TSO,Implementation
T1959,3.70E+11,Caterpillar - Direct S2C License,Caterpillar Inc.,11/1/2025,Upsell,License,"70,000",70000,,,,,,Krishna Prasad Jayarajan,1664,TSO,License
T1960,3.32E+11,NEOM S2P Implementation,NEOM Company,11/1/2025,Upsell,Implementation,1810879.818,,"1,810,880",,,,,Mithesh Devadiga,2705,TSO,Implementation
T1961,,Roche - Poseida integration GNE,"F. Hoffman-La Roche, Ltd",11/1/2025,Upsell,Implementation,56030,,"56,030",,,,,Kokila Roy,3815,TSO,Implementation
T1962,,Roche - Wave 6 (Dia Ops Rotkreuz & Ludwigsburg),"F. Hoffman-La Roche, Ltd",11/1/2025,Upsell,Implementation,598320,,"598,320",,,,,Kokila Roy,3816,TSO,Implementation
T1963,,Roche - 5a US Dia Ops,"F. Hoffman-La Roche, Ltd",11/1/2025,Upsell,Implementation,745545,,"745,545",,,,,Kokila Roy,3817,TSO,Implementation
T1964,,Roche - CR2 Wave D,"F. Hoffman-La Roche, Ltd",11/1/2025,Upsell,Implementation,9560,,"9,560",,,,,Kokila Roy,3818,TSO,Implementation
T1965,,Roche - SPARK Integration,"F. Hoffman-La Roche, Ltd",12/1/2025,Upsell,Implementation,97460,,"97,460",,,,,Kokila Roy,3833,TSO,Implementation
T1966,3.43E+11,Petronas - Automation Program,Petronas ICT SDN BHD,12/1/2025,Upsell,Implementation,216000,,"216,000",,,,,Mithesh Devadiga,3834,TSO,Implementation
T1967,,Caterpillar - Implementation,Caterpillar Inc.,12/1/2025,Upsell,Implementation,59583.37,,"59,583",,,,,Sanjeev Chahbra,1412,TSO,Implementation
T1968,,Mylan Technology-Implementation Fees,"Mylan, Inc.",12/1/2025,Upsell,Implementation,225000,,"225,000",,,,,Saurabh Mehra,634,TSO,Implementation
T1969,3.08E+11,Brava - S2C License Fees,Brava Energia,12/1/2025,New,License,"126,000",126000,,,,,,Fabiano Coutinho,3841,Sales,License
T1970,3.08E+11,Brava - S2C Implementation Fees,Brava Energia,12/1/2025,New,Implementation,124000,,"124,000",,,,,Fabiano Coutinho,3842,Sales,Implementation
T1971,3.11E+11,Southern Co - CLM License & Click,"Southern Company Service, Inc",12/1/2025,CrossSell,License,"375,000",375000,,,,,,Mayur Jain,3844,TSO,License
T1972,3.08E+11,ENI - Sourcing & Contract License,Eni Energy Netherlands B.V,12/1/2025,New,License,"105,416",105416.1581,,,,,,Patrick Van Osta,3845,Sales,License
T1973,3.08E+11,ENI - Sourcing & Contract Implementation,Eni Energy Netherlands B.V,12/1/2025,New,Implementation,148538.6445,,"148,539",,,,,Patrick Van Osta,3846,Sales,Implementation
T1974,,Keyera - S2P implemenation,Keyera Partnership,12/1/2025,Upsell,Implementation,55200,,"55,200",,,,,Sundar Subramanian,3512,TSO,Implementation
T1975,3.08E+11,Bollhoff - Sourcing & CLM License,"Bollhoff (China) Fastenings Co., Ltd",12/1/2025,New,License,"50,946",50946.09652,,,,,,Aishwarya Pandey,3850,Sales,License
T1976,3.08E+11,Bollhoff - Sourcing & CLM Implementation,"Bollhoff (China) Fastenings Co., Ltd",12/1/2025,New,Implementation,119873.1683,,"119,873",,,,,Aishwarya Pandey,3851,Sales,Implementation
T1977,3.08E+11,ConocoPhillips - S2P License,ConocoPhillips Company,12/1/2025,Upsell,License,"240,000",240000,,,,,,Sundar Subramanian,1931,TSO,License
T1978,3.08E+11,PPG - Spend License Fees,"PPG Industries, Inc",12/1/2025,Upsell,License,"190,000",190000,,,,,,Brian Bergersen,3855,Sales,License
T1979,3.08E+11,PPG - Spend Implementation Fees,"PPG Industries, Inc",12/1/2025,Upsell,Implementation,0,,,,,,,Brian Bergersen,3856,Sales,Implementation
T1980,,Phibro Animal - S2P Implementation Fees,Phibro Animal Health Corporation,12/1/2025,Upsell,Implementation,586750,,"586,750",,,,,Kokila Roy,3352,TSO,Implementation
T1981,,University of Oxford - S2C Implementation Fees,The Chancellor Masters and Scholars of the University of Oxford,12/1/2025,Upsell,Implementation,19053.015,,"19,053",,,,,Kokila Roy,3461,TSO,Implementation
T1982,,Servicios Corporativous Ideal (Syad) - S2P Implementation,Servicios Corporativos IDEAL,12/1/2025,New,Implementation,41056,,"41,056",,,,,Luis Patino,3784,Sales,Implementation
T1983,4.21E+11,Piramal Pharma - S2P Implementation Fees,Piramal Pharma Ltd,12/1/2025,Upsell,Implementation,14600,,"14,600",,,,,Abhishek Ranjan,3178,TSO,Implementation
T1984,,NCOC - Enhancement Fees CO2,North Caspian Operating Company N.V,12/1/2025,Upsell,Implementation,375000,,"375,000",,,,,Mithesh Devadiga,3863,TSO,Implementation
T1985,,NCOC - Additional Interface,North Caspian Operating Company N.V,12/1/2025,Upsell,Implementation,15000,,"15,000",,,,,Mithesh Devadiga,3864,TSO,Implementation
T1986,,Roche - Core Template Extension,"F. Hoffman-La Roche, Ltd",12/1/2025,Upsell,Implementation,275000,,"275,000",,,,,Krishna Prasad Jayarajan,3629,TSO,Implementation
T1987,,Grupo Bimbo - P2P & Click License,"CORPORATIVO BIMBO, S.A. DE C.V.,",12/1/2025,CrossSell,License,"271,988",271988,,,,,,Luis Patino,3865,Sales,License
T1988,,BCBSA - S2O Design Phase,Blue Cross and Blue Shield Association,12/1/2025,Upsell,Implementation,75000,,"75,000",,,,,Brian Bergersen,3869,Sales,Implementation
T1989,3.23E+11,Grupo Bimbo - Sourcing License,"CORPORATIVO BIMBO, S.A. DE C.V.,",12/1/2025,Upsell,License,"48,591",48591,,,,,,Luis Patino,1535,Sales,License
T1990,,ING - S2C Implementation Fees,ING Bank N.V,12/1/2025,Upsell,Implementation,9825.513448,,"9,826",,,,,Devang Kapadia,3004,TSO,Implementation
T1991,3.08E+11,ING - Premium Support,ING Bank N.V,12/1/2025,Upsell,Implementation,846277.7154,,"846,278",,,,,Devang Kapadia,3088,TSO,Implementation
T1992,3.36E+11,ING - P2P License Fees,ING Bank N.V,12/1/2025,Upsell,License,"229,485",229484.6921,,,,,,Bernard Remacle,3878,Sales,License
T1993,3.08E+11,PPG - Spend Implementation Fees,"PPG Industries, Inc",12/1/2025,Upsell,Implementation,90000,,"90,000",,,,,Brian Bergersen,3856,Sales,Implementation
T1994,3.08E+11,Fluxym (Exotec) - Sourcing License,Fluxym (Exotec),12/1/2025,New,License,"25,500",25500,,,,,,Adam Hurst,3879,Sales,License
T1995,3.08E+11,PG&E Corporation - Buydesk Implementation,Pacific Gas and Electric Company,12/1/2025,CrossSell,Implementation,150000,,"150,000",,,,,Jason Allukion,3882,GD,Implementation
T1996,3.08E+11,PG&E Corporation - Buydesk/Tailspend License,Pacific Gas and Electric Company,12/1/2025,CrossSell,License,"150,000",150000,,,,,,Jason Allukion,3884,GD,License
T1997,,Roche - NEXXE Aspire Rollout & Retrofits,"F. Hoffman-La Roche, Ltd",12/1/2025,Upsell,Implementation,154380,,"154,380",,,,,Kokila Roy,3840,TSO,Implementation
T1998,,EFS Facilities - S2C Implementation Fees,EFS Facilities Services Group Ltd,1/1/2026,Upsell,Implementation,10000,,"10,000",,,,,Mithesh Devadiga,2802,TSO,Implementation
T1999,,Accor - Transaction Fees Software GEP,ACCOR SA,12/1/2025,Upsell,License,944.5480415,944.5480415,,,,,,Joel Johnson,3532,GD,License
T2000,,Accor - Transaction Fees Software FHV,ACCOR SA,12/1/2025,Upsell,License,"2,834",2833.644125,,,,,,Joel Johnson,3534,GD,0
T2001,,Mondelez - FHV Transaction Fees - Software GEP,Mondelez Global LLC,12/1/2025,Upsell,License,863.66375,863.66375,,,,,,Joel Johnson,3321,GD,License
T2002,,Mondelez - FHV Transaction Fees - Software,Mondelez Global LLC,12/1/2025,Upsell,License,"2,591",2590.99125,,,,,,Joel Johnson,3319,GD,0
T2003,,Hologic - Supplier Implementation,"Hologic, Inc.",12/1/2025,Upsell,Implementation,25000,,"25,000",,,,,Lakshmy,3662,GD,Implementation
T2004,,ChampionX - S2P Implementation,ChampionX LLC,1/1/2026,Upsell,Implementation,777166,,"777,166",,,,,Devang Oza,1991,TSO,Implementation
T2005,4.25E+11,Mahindra & Mahindra - S2P Implementation,Mahindra and Mahindra Limited,1/1/2026,Upsell,Implementation,133300.6452,,"133,301",,,,,Geetha Matthew,3292,TSO,Implementation
T2006,3.08E+11,Swire Shipping - Contract License fees,Swire Shipping Pte. Ltd,1/1/2026,New,License,"74,800",74800,,,,,,Rajiv Upadhyay,3892,Sales,License
T2007,3.89E+11,ARADA - S2P License Fees,ARADA Developments LLC,1/1/2026,New,License,"224,642",224642,,,,,,Abdel Halim,3894,Sales,0
T2008,3.08E+11,Aster Chemical - S2C and AP License Fees,Aster Chemical and Energy PTE LTD,1/1/2026,New,License,"135,000",135000,,,,,,Wildan Ramadhani,3895,Sales,License
T2009,,ABM - Helpdesk/Premium Support,ABM,1/1/2026,Upsell,Implementation,60000,,"60,000",,,,,Mayur Jain,7,TSO,Implementation
T2010,3.08E+11,Chevron - Digital Core Support,Chevron Services Company,1/1/2026,Upsell,Implementation,6030000,,"6,030,000",,,,,Johnson Fernandes,1570,TSO,Implementation
T2011,,TJX - implementation,"The TJX Companies, Inc",1/1/2026,Upsell,Implementation,205000,,"205,000",,,,,Mayur Jain,1210,TSO,Implementation
T2012,,Roche - NEXXE license,"F. Hoffman-La Roche, Ltd",1/1/2026,Upsell,License,"200,000",200000,,,,,,Krishna Prasad Jayarajan,1558,TSO,License
T2013,3.08E+11,NIKE - License & Digital Fees,NIKE Inc,1/1/2026,New,License,"400,000",400000,,,,,,Julian Laguna,3903,GD,License
T2014,,Bridgestone - License Sourcing & eAuction,Bridgestone Asia Paific PTE LTD,1/1/2026,Upsell,License,"4,583",4583.333333,,,,,,Mayur Jain,1522,TSO,License
