SOW_ID,Vertical,Region,Fees_Type,Revenue_Type,Segment_Type,Start_Date
3445,Other Services,NA,Travel,Implementation,SMB,1/1/2025
3678,CPG & Retail,NA,Fees,License,Enterprise,9/1/2025
3679,CPG & Retail,NA,Fees,Implementation,Enterprise,8/1/2025
2365,Chemicals/Oil/Gas/Resources,ME,Fees,License,Enterprise,12/1/2022
4,Other Services,NA,Fees,License,Enterprise,1/1/2017
7,Other Services,NA,Fees,Services,Enterprise,9/1/2018
1637,Other Services,NA,Fees,License,Enterprise,4/1/2021
3532,Other Services,EU,Fees,License,Enterprise,5/1/2025
3005,Automotive and Industrial,NA,Fees,License,SMB,6/1/2024
3006,Automotive and Industrial,NA,Fees,Implementation,SMB,7/1/2024
3715,Automotive and Industrial,NA,Fees,Implementation,SMB,8/1/2025
3705,Automotive and Industrial,NA,Fees,Implementation,SMB,9/1/2025
3761,Automotive and Industrial,NA,Travel,Implementation,SMB,10/1/2025
2501,BFSI,EU,Fees,License,SMB,4/1/2023
2502,BFSI,EU,Fees,Implementation,SMB,6/1/2023
3431,Telecom/Media/Tech,NA,Fees,License,Enterprise,3/1/2025
3432,Telecom/Media/Tech,NA,Fees,Implementation,Enterprise,3/1/2025
3644,Telecom/Media/Tech,NA,Travel,Implementation,Enterprise,7/1/2025
3353,Other Services,NA,Fees,License,SMB,3/1/2025
3354,Other Services,NA,Fees,Implementation,SMB,3/1/2025
13,Automotive and Industrial,EU,Fees,License,Enterprise,1/1/2017
2737,Automotive and Industrial,EU,Fees,License,Enterprise,10/1/2023
14,Automotive and Industrial,EU,Fees,Implementation,Enterprise,1/1/2018
1123,Chemicals/Oil/Gas/Resources,EU,Fees,License,Enterprise,10/1/2019
2492,Life Sciences,NA,Fees,License,SMB,4/1/2023
2508,Other Services,NA,Fees,License,SMB,7/1/2023
1719,BFSI,NA,Fees,License,SMB,7/1/2021
1641,CPG & Retail,APAC,Fees,License,Enterprise,6/1/2021
1047,Public Sector,NA,Fees,License,SMB,7/1/2019
1294,Energy & Utilities,NA,Fees,License,Enterprise,4/1/2020
3347,Automotive and Industrial,APAC,Fees,License,SMB,2/1/2025
3348,Automotive and Industrial,APAC,Fees,Implementation,SMB,3/1/2025
1269,Automotive and Industrial,EU,Fees,License,Enterprise,2/1/2020
40,Automotive and Industrial,NA,Fees,License,SMB,3/1/2017
1694,Other Services,NA,Fees,License,Enterprise,6/1/2021
1695,Other Services,NA,Fees,Implementation,Enterprise,6/1/2021
3280,Other Services,NA,Fees,Implementation,Enterprise,11/1/2024
3308,Other Services,NA,Fees,License,Enterprise,11/1/2024
3370,Other Services,NA,Fees,Implementation,Enterprise,1/1/2025
3685,Other Services,NA,Fees,Implementation,Enterprise,5/1/2025
3760,Other Services,NA,Travel,Implementation,Enterprise,10/1/2025
3754,Other Services,NA,Fees,License,Enterprise,10/1/2025
3752,Other Services,NA,Fees,Implementation,Enterprise,10/1/2025
3753,Other Services,NA,Fees,Implementation,Enterprise,11/1/2025
3513,Other Services,EU,Fees,License,Enterprise,7/1/2025
3514,Other Services,EU,Fees,Implementation,Enterprise,7/1/2025
1982,Life Sciences,NA,Fees,License,Enterprise,1/1/2022
3462,CPG & Retail,EU,Fees,License,Enterprise,5/1/2025
3463,CPG & Retail,EU,Fees,Implementation,Enterprise,5/1/2025
1197,CPG & Retail,EU,Fees,License,Enterprise,1/1/2020
1873,Chemicals/Oil/Gas/Resources,NA,Fees,License,SMB,11/1/2021
3895,Chemicals/Oil/Gas/Resources,APAC,Fees,License,SMB,3/1/2026
1084,Public Sector,NA,Fees,License,SMB,9/1/2019
82,BFSI,NA,Fees,License,Enterprise,1/1/2017
89,Life Sciences,NA,Fees,License,Enterprise,1/1/2017
92,Life Sciences,EU,Fees,License,Enterprise,1/1/2017
3144,Energy & Utilities,EU,Fees,License,Enterprise,10/1/2024
3145,Energy & Utilities,EU,Fees,Implementation,Enterprise,7/1/2024
95,Telecom/Media/Tech,NA,Fees,License,Enterprise,12/1/2017
98,Telecom/Media/Tech,NA,Fees,License,Enterprise,7/1/2018
99,Telecom/Media/Tech,NA,Fees,Implementation,Enterprise,7/1/2018
2904,Telecom/Media/Tech,LA,Fees,License,SMB,2/1/2024
2905,Telecom/Media/Tech,LA,Fees,Implementation,SMB,3/1/2024
2999,Life Sciences,NA,Fees,License,SMB,4/1/2024
3000,Life Sciences,NA,Fees,Implementation,SMB,4/1/2024
1783,Chemicals/Oil/Gas/Resources,NA,Fees,License,Enterprise,8/1/2021
1840,Other Services,APAC,Fees,License,SMB,10/1/2021
3721,Other Services,APAC,Fees,License,Enterprise,9/1/2025
3722,Other Services,APAC,Fees,Implementation,Enterprise,10/1/2025
2782,Other Services,ME,Fees,License,SMB,10/1/2023
2783,Other Services,ME,Fees,Implementation,SMB,11/1/2023
2852,Other Services,ME,Travel,Implementation,SMB,11/1/2023
110,Automotive and Industrial,NA,Fees,License,SMB,12/1/2018
2037,Automotive and Industrial,NA,Fees,License,SMB,2/1/2022
1862,BFSI,ME,Fees,License,Enterprise,10/1/2021
3670,Other Services,APAC,Fees,License,SMB,9/1/2025
3671,Other Services,APAC,Fees,Implementation,SMB,10/1/2025
1568,Automotive and Industrial,EU,Fees,License,Enterprise,2/1/2021
1569,Automotive and Industrial,EU,Fees,Implementation,Enterprise,2/1/2021
119,BFSI,NA,Fees,License,Enterprise,1/1/2017
1488,BFSI,NA,Fees,License,Enterprise,12/1/2020
1489,BFSI,NA,Fees,Implementation,Enterprise,11/1/2020
3507,BFSI,NA,Fees,Implementation,Enterprise,4/1/2025
2195,BFSI,NA,Fees,Implementation,Enterprise,7/1/2022
2483,BFSI,NA,Fees,License,Enterprise,3/1/2023
2550,BFSI,NA,Fees,License,SMB,5/1/2023
2555,Life Sciences,EU,Fees,License,Enterprise,5/1/2023
3132,Life Sciences,EU,Fees,License,Enterprise,12/1/2023
1986,CPG & Retail,APAC,Fees,License,Enterprise,2/1/2022
2668,CPG & Retail,APAC,Travel,Implementation,Enterprise,7/1/2023
2384,CPG & Retail,APAC,Fees,Services,Enterprise,12/1/2022
1052,Automotive and Industrial,NA,Fees,License,Enterprise,7/1/2019
2996,Chemicals/Oil/Gas/Resources,NA,Fees,License,SMB,4/1/2024
2997,Chemicals/Oil/Gas/Resources,NA,Fees,Implementation,SMB,5/1/2024
3609,Telecom/Media/Tech,APAC,Fees,License,Enterprise,7/1/2025
3610,Telecom/Media/Tech,APAC,Fees,Implementation,Enterprise,8/1/2025
149,Life Sciences,NA,Fees,License,Enterprise,1/1/2017
155,Life Sciences,NA,Fees,License,Enterprise,1/1/2017
156,Life Sciences,NA,Fees,License,SMB,5/1/2018
2427,Other Services,NA,Fees,License,SMB,2/1/2023
160,Other Services,NA,Fees,License,SMB,1/1/2017
1697,Life Sciences,NA,Fees,License,SMB,8/1/2021
2418,Automotive and Industrial,NA,Fees,License,SMB,1/1/2023
3841,CPG & Retail,LA,Fees,License,SMB,12/1/2025
3842,CPG & Retail,LA,Fees,Implementation,SMB,12/1/2025
1212,Chemicals/Oil/Gas/Resources,APAC,Fees,License,Enterprise,1/1/2020
1213,Chemicals/Oil/Gas/Resources,APAC,Fees,Implementation,Enterprise,1/1/2020
169,CPG & Retail,EU,Fees,License,Enterprise,1/1/2017
3850,Automotive and Industrial,APAC,Fees,License,SMB,12/1/2025
3851,Automotive and Industrial,APAC,Fees,Implementation,SMB,1/1/2026
3694,Other Services,NA,Fees,Implementation,Enterprise,9/1/2025
3181,Other Services,APAC,Fees,License,Enterprise,8/1/2024
171,Other Services,NA,Fees,License,Enterprise,1/1/2017
3017,Other Services,NA,Fees,Implementation,Enterprise,4/1/2024
3446,Other Services,NA,Fees,License,Enterprise,3/1/2025
3447,Other Services,NA,Fees,Implementation,Enterprise,5/1/2025
2125,BFSI,NA,Fees,License,SMB,5/1/2022
2587,BFSI,NA,Fees,License,SMB,6/1/2023
2816,BFSI,NA,Fees,License,SMB,11/1/2023
3869,BFSI,NA,Fees,Implementation,SMB,1/1/2026
3232,Other Services,EU,Fees,License,Enterprise,12/1/2024
3313,Other Services,EU,Fees,Implementation,Enterprise,11/1/2024
1748,Other Services,EU,Fees,License,Enterprise,8/1/2021
3215,Other Services,EU,Fees,License,Enterprise,11/1/2024
3052,Other Services,EU,Fees,License,Enterprise,6/1/2024
3053,Other Services,EU,Fees,Implementation,Enterprise,6/1/2024
1522,Automotive and Industrial,APAC,Fees,License,Enterprise,1/1/2021
1980,Automotive and Industrial,APAC,Fees,License,Enterprise,1/1/2022
176,BFSI,NA,Fees,License,Enterprise,6/1/2017
2139,Other Services,EU,Fees,License,SMB,6/1/2022
1746,Chemicals/Oil/Gas/Resources,APAC,Fees,License,SMB,8/1/2021
2438,Chemicals/Oil/Gas/Resources,APAC,Fees,License,SMB,2/1/2023
2740,Other Services,NA,Fees,License,Enterprise,11/1/2023
2741,Other Services,EU,Fees,Implementation,Enterprise,12/1/2023
3349,Other Services,NA,Fees,License,Enterprise,1/1/2025
3350,Other Services,EU,Fees,Implementation,Enterprise,2/1/2025
3263,Telecom/Media/Tech,NA,Fees,License,SMB,10/1/2024
1405,CPG & Retail,NA,Fees,License,Enterprise,8/1/2020
1563,Chemicals/Oil/Gas/Resources,APAC,Fees,License,Enterprise,3/1/2021
3010,Chemicals/Oil/Gas/Resources,APAC,Fees,Implementation,Enterprise,4/1/2024
3011,Chemicals/Oil/Gas/Resources,APAC,Travel,Implementation,Enterprise,4/1/2024
2309,Chemicals/Oil/Gas/Resources,APAC,Fees,License,SMB,11/1/2022
1298,Automotive and Industrial,NA,Fees,License,Enterprise,4/1/2020
2463,CPG & Retail,LA,Fees,License,SMB,5/1/2023
2464,CPG & Retail,LA,Fees,Implementation,SMB,7/1/2023
1411,Automotive and Industrial,NA,Fees,License,Enterprise,1/1/2021
1412,Automotive and Industrial,NA,Fees,Implementation,Enterprise,7/1/2020
2631,Automotive and Industrial,NA,Fees,Services,Enterprise,7/1/2023
3139,Automotive and Industrial,NA,Fees,License,Enterprise,7/1/2024
2283,Automotive and Industrial,NA,Fees,Implementation,Enterprise,10/1/2022
1664,Automotive and Industrial,NA,Fees,License,Enterprise,5/1/2021
1665,Automotive and Industrial,NA,Fees,Implementation,Enterprise,5/1/2021
2800,Automotive and Industrial,NA,Fees,Implementation,Enterprise,10/1/2023
3154,Automotive and Industrial,NA,Fees,Implementation,Enterprise,8/1/2024
3570,Automotive and Industrial,NA,Fees,Implementation,Enterprise,4/1/2025
2278,Automotive and Industrial,NA,Fees,Implementation,Enterprise,1/1/2023
2859,Automotive and Industrial,NA,Fees,Implementation,Enterprise,12/1/2023
3253,Automotive and Industrial,NA,Fees,Implementation,Enterprise,10/1/2024
3143,Automotive and Industrial,NA,Fees,Implementation,Enterprise,7/1/2024
3043,Automotive and Industrial,NA,Fees,Implementation,Enterprise,5/1/2024
2391,CPG & Retail,APAC,Fees,License,Enterprise,5/1/2023
197,CPG & Retail,NA,Fees,License,Enterprise,1/1/2017
2620,Telecom/Media/Tech,EU,Fees,License,SMB,9/1/2023
2638,Telecom/Media/Tech,EU,Fees,Implementation,SMB,9/1/2023
3725,BFSI,NA,Fees,License,SMB,10/1/2025
1990,Chemicals/Oil/Gas/Resources,NA,Fees,License,SMB,3/1/2022
1991,Chemicals/Oil/Gas/Resources,NA,Fees,Implementation,SMB,5/1/2022
2317,Chemicals/Oil/Gas/Resources,NA,Travel,Implementation,SMB,11/1/2022
1838,Automotive and Industrial,NA,Fees,License,SMB,10/1/2021
1205,Chemicals/Oil/Gas/Resources,NA,Fees,License,Enterprise,1/1/2020
1957,Chemicals/Oil/Gas/Resources,NA,Fees,License,Enterprise,3/1/2022
1556,CPG & Retail,NA,Fees,License,SMB,2/1/2021
217,Chemicals/Oil/Gas/Resources,NA,Fees,License,Enterprise,5/1/2018
219,Chemicals/Oil/Gas/Resources,NA,Travel,Implementation,Enterprise,6/1/2018
941,Chemicals/Oil/Gas/Resources,NA,Fees,License,Enterprise,2/1/2019
942,Chemicals/Oil/Gas/Resources,NA,Fees,Implementation,Enterprise,2/1/2019
1240,Chemicals/Oil/Gas/Resources,NA,Fees,Implementation,Enterprise,1/1/2020
1565,Chemicals/Oil/Gas/Resources,NA,Travel,Implementation,Enterprise,1/1/2020
1327,Chemicals/Oil/Gas/Resources,NA,Fees,Services,Enterprise,5/1/2020
2946,Chemicals/Oil/Gas/Resources,NA,Fees,Implementation,Enterprise,2/1/2024
1341,Chemicals/Oil/Gas/Resources,NA,Fees,License,Enterprise,1/1/2021
1361,Chemicals/Oil/Gas/Resources,NA,Fees,License,Enterprise,1/1/2021
1362,Chemicals/Oil/Gas/Resources,NA,Fees,License,Enterprise,6/1/2020
1570,Chemicals/Oil/Gas/Resources,NA,Fees,Implementation,Enterprise,2/1/2021
225,CPG & Retail,NA,Fees,License,Enterprise,1/1/2017
1091,CPG & Retail,EU,Fees,License,SMB,11/1/2019
1659,CPG & Retail,EU,Fees,License,SMB,5/1/2021
1941,CPG & Retail,EU,Fees,License,SMB,12/1/2021
2174,CPG & Retail,EU,Fees,License,SMB,7/1/2022
2374,CPG & Retail,EU,Fees,License,SMB,1/1/2023
1459,CPG & Retail,NA,Fees,License,Enterprise,10/1/2020
1615,CPG & Retail,NA,Fees,License,Enterprise,4/1/2021
1932,CPG & Retail,NA,Fees,License,Enterprise,11/1/2021
234,Telecom/Media/Tech,NA,Fees,License,SMB,1/1/2017
235,Telecom/Media/Tech,NA,Fees,License,SMB,1/1/2017
238,Telecom/Media/Tech,NA,Fees,License,SMB,8/1/2017
1243,BFSI,NA,Fees,License,Enterprise,2/1/2020
2513,BFSI,NA,Fees,License,Enterprise,1/1/2021
1244,BFSI,NA,Fees,Implementation,Enterprise,2/1/2020
3785,BFSI,NA,Fees,Implementation,Enterprise,11/1/2025
1189,Chemicals/Oil/Gas/Resources,NA,Fees,License,Enterprise,1/1/2020
1609,Chemicals/Oil/Gas/Resources,NA,Fees,License,Enterprise,7/1/2021
2956,Chemicals/Oil/Gas/Resources,NA,Fees,License,Enterprise,2/1/2024
2957,Chemicals/Oil/Gas/Resources,NA,Fees,Implementation,Enterprise,3/1/2024
2920,Chemicals/Oil/Gas/Resources,NA,Fees,Implementation,Enterprise,1/1/2024
1611,CPG & Retail,APAC,Fees,License,SMB,4/1/2021
2687,CPG & Retail,APAC,Fees,License,SMB,8/1/2023
2688,CPG & Retail,APAC,Fees,Implementation,SMB,9/1/2023
2732,CPG & Retail,APAC,Fees,License,Enterprise,9/1/2023
2733,CPG & Retail,APAC,Fees,Implementation,Enterprise,10/1/2023
3892,Other Services,APAC,Fees,License,SMB,2/1/2026
3209,Life Sciences,NA,Fees,Services,SMB,9/1/2024
1613,Other Services,EU,Fees,License,SMB,4/1/2021
919,Chemicals/Oil/Gas/Resources,NA,Travel,Implementation,Enterprise,2/1/2019
947,Chemicals/Oil/Gas/Resources,NA,Fees,License,Enterprise,3/1/2019
948,Chemicals/Oil/Gas/Resources,NA,Fees,Implementation,Enterprise,5/1/2019
3762,Chemicals/Oil/Gas/Resources,NA,Travel,Implementation,Enterprise,10/1/2025
1931,Chemicals/Oil/Gas/Resources,NA,Fees,License,Enterprise,11/1/2021
2064,Chemicals/Oil/Gas/Resources,NA,Fees,License,Enterprise,3/1/2022
2412,Chemicals/Oil/Gas/Resources,NA,Fees,License,Enterprise,1/1/2023
2810,Chemicals/Oil/Gas/Resources,NA,Fees,License,Enterprise,12/1/2023
3223,Chemicals/Oil/Gas/Resources,NA,Fees,Implementation,Enterprise,10/1/2024
2473,CPG & Retail,EU,Fees,License,SMB,3/1/2023
1897,Chemicals/Oil/Gas/Resources,NA,Fees,Implementation,Enterprise,11/1/2021
3421,Chemicals/Oil/Gas/Resources,NA,Fees,Implementation,Enterprise,2/1/2025
2417,Chemicals/Oil/Gas/Resources,NA,Fees,Implementation,Enterprise,1/1/2023
3652,Chemicals/Oil/Gas/Resources,NA,Fees,Implementation,Enterprise,5/1/2025
3558,Chemicals/Oil/Gas/Resources,NA,Fees,Implementation,Enterprise,5/1/2025
2702,Chemicals/Oil/Gas/Resources,NA,Fees,Implementation,Enterprise,8/1/2023
2573,Chemicals/Oil/Gas/Resources,NA,Travel,Implementation,Enterprise,5/1/2023
2919,Chemicals/Oil/Gas/Resources,NA,Fees,License,Enterprise,11/1/2023
3616,Chemicals/Oil/Gas/Resources,NA,Fees,Implementation,Enterprise,5/1/2025
2514,Chemicals/Oil/Gas/Resources,NA,Fees,Implementation,Enterprise,6/1/2023
2156,Chemicals/Oil/Gas/Resources,NA,Fees,License,Enterprise,6/1/2022
3617,Chemicals/Oil/Gas/Resources,NA,Fees,Implementation,Enterprise,9/1/2025
2621,Chemicals/Oil/Gas/Resources,NA,Fees,Implementation,Enterprise,9/1/2022
2192,Automotive and Industrial,NA,Fees,License,Enterprise,6/1/2019
1535,CPG & Retail,LA,Fees,License,Enterprise,1/1/2021
3865,CPG & Retail,LA,Fees,License,Enterprise,1/1/2026
2307,Other Services,NA,Fees,License,SMB,11/1/2022
2674,CPG & Retail,NA,Fees,License,SMB,8/1/2023
2675,CPG & Retail,NA,Fees,Implementation,SMB,11/1/2023
2311,Automotive and Industrial,LA,Fees,License,Enterprise,11/1/2022
1445,Energy & Utilities,NA,Fees,License,SMB,10/1/2020
1447,Energy & Utilities,NA,Travel,Implementation,SMB,3/1/2024
1514,Energy & Utilities,NA,Fees,License,SMB,12/1/2020
259,Telecom/Media/Tech,NA,Fees,License,Enterprise,1/1/2017
261,Other Services,NA,Fees,License,SMB,1/1/2017
2738,Other Services,NA,Fees,License,Enterprise,11/1/2023
2739,Other Services,NA,Fees,Implementation,Enterprise,1/1/2024
1421,CPG & Retail,NA,Fees,License,SMB,8/1/2020
3703,Automotive and Industrial,EU,Fees,License,Enterprise,9/1/2025
3704,Automotive and Industrial,EU,Fees,Implementation,Enterprise,10/1/2025
1876,Life Sciences,NA,Fees,License,SMB,11/1/2021
2779,Other Services,NA,Fees,License,SMB,11/1/2023
2780,Other Services,NA,Fees,Implementation,SMB,12/1/2023
1886,Other Services,APAC,Fees,License,SMB,10/1/2021
1442,Telecom/Media/Tech,NA,Fees,License,SMB,10/1/2020
266,Life Sciences,NA,Fees,License,Enterprise,1/1/2017
1138,Life Sciences,NA,Fees,License,Enterprise,1/1/2017
3766,CPG & Retail,NA,Fees,License,SMB,10/1/2025
3767,CPG & Retail,NA,Fees,Implementation,SMB,1/1/2026
2027,Chemicals/Oil/Gas/Resources,NA,Fees,License,Enterprise,2/1/2022
2028,Chemicals/Oil/Gas/Resources,NA,Fees,Implementation,Enterprise,2/1/2022
3525,Chemicals/Oil/Gas/Resources,NA,Fees,License,Enterprise,5/1/2025
3526,Chemicals/Oil/Gas/Resources,NA,Fees,Implementation,Enterprise,6/1/2025
1235,Chemicals/Oil/Gas/Resources,NA,Fees,License,Enterprise,1/1/2020
2049,Telecom/Media/Tech,APAC,Fees,License,Enterprise,3/1/2022
2141,Telecom/Media/Tech,APAC,Fees,Implementation,Enterprise,5/1/2022
2351,Chemicals/Oil/Gas/Resources,NA,Fees,License,Enterprise,12/1/2022
2361,Public Sector,NA,Fees,License,SMB,12/1/2022
286,Chemicals/Oil/Gas/Resources,NA,Fees,License,Enterprise,3/1/2018
287,Chemicals/Oil/Gas/Resources,NA,Fees,Implementation,Enterprise,3/1/2018
3368,Chemicals/Oil/Gas/Resources,NA,Fees,Implementation,Enterprise,1/1/2025
2730,Chemicals/Oil/Gas/Resources,NA,Fees,License,Enterprise,9/1/2023
2801,Other Services,ME,Fees,License,SMB,12/1/2023
2802,Other Services,ME,Fees,Implementation,SMB,12/1/2023
1915,BFSI,NA,Fees,License,Enterprise,8/1/2022
1999,BFSI,LA,Fees,License,SMB,4/1/2022
2583,Automotive and Industrial,NA,Fees,License,SMB,6/1/2023
3845,Chemicals/Oil/Gas/Resources,EU,Fees,License,SMB,12/1/2025
3846,Chemicals/Oil/Gas/Resources,EU,Fees,Implementation,SMB,1/1/2026
1583,Other Services,NA,Fees,License,SMB,3/1/2021
1274,BFSI,EU,Fees,License,Enterprise,3/1/2020
294,CPG & Retail,NA,Fees,License,Enterprise,12/1/2017
1135,BFSI,EU,Fees,License,SMB,11/1/2019
2582,BFSI,EU,Fees,Implementation,SMB,6/1/2023
296,Other Services,NA,Fees,License,Enterprise,1/1/2017
3335,Other Services,NA,Fees,License,Enterprise,1/1/2025
3453,Other Services,NA,Fees,Implementation,Enterprise,3/1/2025
3499,Other Services,NA,Fees,License,Enterprise,4/1/2025
2135,Other Services,NA,Fees,License,Enterprise,5/1/2022
2134,Other Services,NA,Fees,Implementation,Enterprise,5/1/2022
312,Chemicals/Oil/Gas/Resources,NA,Fees,License,Enterprise,1/1/2019
3495,Chemicals/Oil/Gas/Resources,NA,Fees,Implementation,Enterprise,4/1/2025
316,Chemicals/Oil/Gas/Resources,NA,Fees,License,Enterprise,11/1/2018
2246,Chemicals/Oil/Gas/Resources,NA,Fees,License,Enterprise,11/1/2024
2247,Chemicals/Oil/Gas/Resources,NA,Fees,Implementation,Enterprise,11/1/2022
2336,Other Services,EU,Fees,License,SMB,12/1/2022
2337,Other Services,EU,Fees,Implementation,SMB,12/1/2022
3001,Public Sector,EU,Fees,License,SMB,4/1/2024
3049,Public Sector,EU,Fees,Implementation,SMB,4/1/2024
3201,Public Sector,EU,Travel,Implementation,SMB,8/1/2024
3879,Public Sector,EU,Fees,License,SMB,3/1/2026
1182,Life Sciences,EU,Fees,License,Enterprise,1/1/2020
2499,Life Sciences,EU,Fees,License,Enterprise,1/1/2022
2500,Life Sciences,EU,Fees,Implementation,Enterprise,7/1/2023
2696,Life Sciences,EU,Fees,Implementation,Enterprise,9/1/2023
2691,Life Sciences,EU,Fees,Implementation,Enterprise,1/1/2024
3629,Life Sciences,EU,Fees,Implementation,Enterprise,8/1/2025
2807,Life Sciences,EU,Fees,Implementation,Enterprise,11/1/2023
1900,Life Sciences,EU,Fees,Implementation,Enterprise,11/1/2021
2608,Life Sciences,EU,Fees,Implementation,Enterprise,1/1/2024
2607,Life Sciences,EU,Fees,Implementation,Enterprise,12/1/2023
2812,Life Sciences,EU,Fees,Implementation,Enterprise,12/1/2023
2975,Life Sciences,EU,Fees,Implementation,Enterprise,5/1/2024
2954,Life Sciences,EU,Fees,Implementation,Enterprise,3/1/2024
3106,Life Sciences,EU,Fees,Implementation,Enterprise,8/1/2024
3252,Life Sciences,EU,Fees,Implementation,Enterprise,12/1/2024
3015,Life Sciences,EU,Fees,Implementation,Enterprise,7/1/2024
3254,Life Sciences,EU,Fees,Implementation,Enterprise,11/1/2024
3551,Life Sciences,EU,Fees,Implementation,Enterprise,5/1/2025
3751,Life Sciences,EU,Fees,Implementation,Enterprise,11/1/2025
3594,Life Sciences,EU,Fees,Implementation,Enterprise,7/1/2025
3700,Life Sciences,EU,Fees,Implementation,Enterprise,12/1/2025
3661,Life Sciences,EU,Fees,Implementation,Enterprise,12/1/2025
3681,Life Sciences,EU,Fees,Implementation,Enterprise,11/1/2025
3593,Life Sciences,EU,Fees,Implementation,Enterprise,6/1/2025
3815,Life Sciences,EU,Fees,Implementation,Enterprise,1/1/2026
3816,Life Sciences,EU,Fees,Implementation,Enterprise,12/1/2025
3817,Life Sciences,EU,Fees,Implementation,Enterprise,12/1/2025
3818,Life Sciences,EU,Fees,Implementation,Enterprise,12/1/2025
3833,Life Sciences,EU,Fees,Implementation,Enterprise,1/1/2026
2811,Life Sciences,EU,Fees,Implementation,Enterprise,11/1/2023
1185,Life Sciences,EU,Travel,Implementation,Enterprise,4/1/2020
2759,Life Sciences,EU,Fees,Implementation,Enterprise,11/1/2023
2067,Life Sciences,EU,Fees,Implementation,Enterprise,3/1/2022
3630,Life Sciences,EU,Fees,Implementation,Enterprise,8/1/2025
1322,Life Sciences,EU,Fees,License,Enterprise,4/1/2020
1377,Life Sciences,EU,Fees,License,SMB,10/1/2020
1971,Life Sciences,EU,Fees,License,SMB,2/1/2022
2511,Life Sciences,EU,Fees,Implementation,SMB,4/1/2023
2476,Life Sciences,EU,Fees,Implementation,Enterprise,4/1/2023
2565,Life Sciences,EU,Fees,Implementation,Enterprise,9/1/2023
2350,Life Sciences,EU,Fees,Implementation,Enterprise,4/1/2024
3413,Life Sciences,EU,Fees,Implementation,Enterprise,6/1/2025
1558,Life Sciences,EU,Fees,License,Enterprise,1/1/2021
1559,Life Sciences,EU,Fees,Implementation,Enterprise,1/1/2021
3497,Life Sciences,EU,Fees,Implementation,Enterprise,4/1/2025
3768,Life Sciences,EU,Fees,Implementation,Enterprise,10/1/2025
3485,Life Sciences,EU,Fees,License,Enterprise,4/1/2025
3840,Life Sciences,EU,Fees,Implementation,Enterprise,12/1/2025
2073,Life Sciences,EU,Fees,Implementation,Enterprise,3/1/2022
2512,Life Sciences,EU,Fees,Implementation,Enterprise,9/1/2023
2552,Life Sciences,EU,Fees,License,Enterprise,5/1/2023
2548,Life Sciences,EU,Fees,Implementation,Enterprise,8/1/2023
3281,Life Sciences,EU,Fees,Implementation,Enterprise,12/1/2024
3278,Other Services,EU,Fees,License,Enterprise,11/1/2024
2743,BFSI,NA,Fees,License,SMB,10/1/2023
2744,BFSI,NA,Fees,License,SMB,10/1/2023
2745,BFSI,NA,Fees,Implementation,SMB,10/1/2023
2084,Automotive and Industrial,NA,Fees,License,SMB,4/1/2022
3425,Automotive and Industrial,APAC,Fees,License,Enterprise,3/1/2025
3426,Automotive and Industrial,APAC,Fees,Implementation,Enterprise,3/1/2025
3427,Automotive and Industrial,APAC,Fees,Implementation,Enterprise,3/1/2025
3242,Energy & Utilities,NA,Fees,License,Enterprise,11/1/2024
3326,Energy & Utilities,NA,Fees,License,Enterprise,12/1/2024
3327,Energy & Utilities,NA,Fees,License,Enterprise,12/1/2024
3243,Other Services,NA,Fees,Implementation,Enterprise,12/1/2024
3382,Other Services,NA,Travel,Implementation,Enterprise,12/1/2024
3508,Energy & Utilities,NA,Fees,Implementation,Enterprise,6/1/2025
2363,Automotive and Industrial,NA,Fees,License,SMB,1/1/2023
2364,Automotive and Industrial,NA,Fees,Implementation,SMB,1/1/2023
1843,Other Services,ME,Fees,License,Enterprise,10/1/2021
1844,Other Services,ME,Fees,Implementation,Enterprise,10/1/2021
2653,Other Services,ME,Travel,Implementation,Enterprise,7/1/2023
2330,Other Services,ME,Fees,License,Enterprise,12/1/2022
2331,Other Services,ME,Fees,Implementation,Enterprise,12/1/2022
2504,Other Services,NA,Fees,License,SMB,4/1/2023
367,CPG & Retail,NA,Fees,License,Enterprise,1/1/2018
3723,BFSI,APAC,Fees,License,SMB,10/1/2025
3724,BFSI,APAC,Fees,Implementation,SMB,10/1/2025
2239,Chemicals/Oil/Gas/Resources,NA,Fees,License,SMB,8/1/2022
3190,BFSI,NA,Fees,License,Enterprise,9/1/2024
3191,BFSI,NA,Fees,Implementation,Enterprise,9/1/2024
2895,Automotive and Industrial,EU,Fees,License,SMB,12/1/2023
2896,Automotive and Industrial,EU,Fees,Implementation,SMB,2/1/2024
1169,CPG & Retail,EU,Fees,License,SMB,12/1/2019
1170,CPG & Retail,EU,Fees,Implementation,SMB,1/1/2020
2916,Other Services,NA,Fees,License,SMB,2/1/2024
2937,Other Services,NA,Fees,Implementation,SMB,2/1/2024
398,CPG & Retail,NA,Fees,License,Enterprise,7/1/2017
2708,CPG & Retail,EU,Fees,License,Enterprise,10/1/2023
2714,CPG & Retail,EU,Fees,Implementation,Enterprise,9/1/2023
2520,BFSI,EU,Fees,License,SMB,7/1/2023
2993,Life Sciences,NA,Fees,License,Enterprise,5/1/2024
2994,Life Sciences,NA,Fees,Implementation,Enterprise,4/1/2024
3627,Other Services,APAC,Fees,License,Enterprise,8/1/2025
3628,Other Services,APAC,Fees,Implementation,Enterprise,8/1/2025
2442,BFSI,EU,Fees,License,SMB,2/1/2023
2443,BFSI,EU,Fees,Implementation,SMB,3/1/2023
2575,BFSI,EU,Travel,Implementation,SMB,5/1/2023
3123,Automotive and Industrial,APAC,Fees,License,Enterprise,9/1/2024
3124,Automotive and Industrial,APAC,Fees,Implementation,Enterprise,9/1/2024
3173,Chemicals/Oil/Gas/Resources,EU,Fees,License,SMB,8/1/2024
3174,Chemicals/Oil/Gas/Resources,EU,Fees,Implementation,SMB,9/1/2024
2488,Chemicals/Oil/Gas/Resources,APAC,Fees,License,SMB,4/1/2023
3561,Chemicals/Oil/Gas/Resources,APAC,Fees,License,SMB,6/1/2025
3562,Chemicals/Oil/Gas/Resources,APAC,Fees,Implementation,SMB,7/1/2025
2958,Automotive and Industrial,NA,Fees,Implementation,Enterprise,3/1/2024
3378,Automotive and Industrial,NA,Travel,Implementation,Enterprise,12/1/2024
2959,Automotive and Industrial,NA,Fees,License,Enterprise,3/1/2024
3563,Automotive and Industrial,NA,Fees,License,Enterprise,6/1/2025
3564,Automotive and Industrial,NA,Fees,Implementation,Enterprise,6/1/2025
3632,Automotive and Industrial,NA,Fees,License,Enterprise,8/1/2025
3633,Automotive and Industrial,NA,Fees,Implementation,Enterprise,8/1/2025
3690,Automotive and Industrial,NA,Fees,Implementation,Enterprise,9/1/2025
2530,Other Services,NA,Fees,Implementation,Enterprise,2/1/2023
2603,Other Services,NA,Fees,Implementation,Enterprise,6/1/2023
2532,Other Services,NA,Fees,Implementation,Enterprise,4/1/2023
3484,Other Services,NA,Fees,Implementation,Enterprise,5/1/2025
3676,Other Services,NA,Fees,Implementation,Enterprise,8/1/2025
2805,Other Services,NA,Fees,Implementation,Enterprise,2/1/2024
3084,Other Services,NA,Fees,Implementation,Enterprise,1/1/2025
2839,Other Services,NA,Fees,Implementation,Enterprise,11/1/2023
2256,Other Services,NA,Fees,License,Enterprise,2/1/2023
3467,Other Services,NA,Fees,Implementation,Enterprise,3/1/2025
3176,Other Services,NA,Fees,Implementation,Enterprise,8/1/2024
3218,Other Services,NA,Fees,Implementation,Enterprise,9/1/2024
1682,Automotive and Industrial,APAC,Fees,License,Enterprise,6/1/2021
3064,Telecom/Media/Tech,APAC,Fees,License,Enterprise,7/1/2024
3066,Telecom/Media/Tech,APAC,Fees,Implementation,Enterprise,6/1/2024
408,Life Sciences,NA,Fees,License,Enterprise,1/1/2017
3662,Life Sciences,NA,Fees,Implementation,Enterprise,8/1/2025
3590,Life Sciences,NA,Fees,License,Enterprise,7/1/2025
3591,Life Sciences,NA,Fees,Implementation,Enterprise,7/1/2025
2679,BFSI,NA,Fees,License,SMB,8/1/2023
2680,BFSI,NA,Fees,Implementation,SMB,8/1/2023
1803,CPG & Retail,NA,Fees,License,Enterprise,9/1/2021
2180,Automotive and Industrial,NA,Fees,License,SMB,8/1/2022
3170,Other Services,EU,Fees,License,Enterprise,8/1/2024
3171,Other Services,EU,Fees,Implementation,Enterprise,8/1/2024
2985,Other Services,NA,Fees,License,SMB,4/1/2024
2986,Other Services,NA,Fees,Implementation,SMB,4/1/2024
3121,CPG & Retail,NA,Fees,License,SMB,8/1/2024
3122,CPG & Retail,NA,Fees,Implementation,SMB,8/1/2024
429,Life Sciences,NA,Fees,License,Enterprise,1/1/2018
1229,Life Sciences,NA,Fees,License,Enterprise,1/1/2020
431,Automotive and Industrial,NA,Fees,License,Enterprise,1/1/2017
1834,CPG & Retail,ME,Fees,License,Enterprise,9/1/2021
3455,Chemicals/Oil/Gas/Resources,APAC,Fees,License,Enterprise,4/1/2025
3456,Chemicals/Oil/Gas/Resources,APAC,Fees,Implementation,Enterprise,5/1/2025
3697,Chemicals/Oil/Gas/Resources,APAC,Fees,License,Enterprise,9/1/2025
3787,Chemicals/Oil/Gas/Resources,EU,Fees,License,Enterprise,1/1/2026
3788,Chemicals/Oil/Gas/Resources,EU,Fees,Implementation,Enterprise,11/1/2025
437,Telecom/Media/Tech,NA,Fees,License,Enterprise,3/1/2018
3337,Life Sciences,NA,Fees,License,SMB,12/1/2024
3338,Life Sciences,NA,Fees,Implementation,SMB,1/1/2025
439,Telecom/Media/Tech,NA,Fees,License,SMB,10/1/2017
3003,BFSI,EU,Fees,License,Enterprise,4/1/2024
3004,BFSI,EU,Fees,Implementation,Enterprise,5/1/2024
3379,BFSI,EU,Travel,Implementation,Enterprise,1/1/2025
3878,BFSI,EU,Fees,License,Enterprise,12/1/2025
3716,BFSI,EU,Fees,Implementation,Enterprise,8/1/2025
3088,BFSI,EU,Fees,Services,Enterprise,6/1/2024
3044,Other Services,NA,Fees,License,Enterprise,5/1/2024
3045,Other Services,NA,Fees,Implementation,Enterprise,5/1/2024
3383,Other Services,NA,Travel,Implementation,Enterprise,12/1/2024
3269,Other Services,NA,Fees,License,Enterprise,10/1/2024
3270,Other Services,NA,Fees,Implementation,Enterprise,11/1/2024
444,BFSI,NA,Fees,License,SMB,1/1/2017
2265,BFSI,NA,Fees,Services,SMB,9/1/2022
2187,BFSI,NA,Fees,License,Enterprise,7/1/2022
447,Telecom/Media/Tech,NA,Fees,License,Enterprise,11/1/2017
2097,Other Services,EU,Fees,License,Enterprise,4/1/2022
450,Automotive and Industrial,NA,Fees,License,Enterprise,1/1/2017
2866,Other Services,EU,Fees,License,SMB,1/1/2024
2867,Other Services,EU,Fees,Implementation,SMB,1/1/2024
3310,Other Services,NA,Fees,License,Enterprise,4/1/2025
3311,Other Services,NA,Fees,Implementation,Enterprise,1/1/2025
2087,Automotive and Industrial,APAC,Fees,License,SMB,5/1/2022
2088,Automotive and Industrial,APAC,Fees,Implementation,SMB,5/1/2022
2169,BFSI,NA,Fees,License,Enterprise,7/1/2022
2260,BFSI,NA,Fees,Implementation,Enterprise,10/1/2022
3874,BFSI,NA,Travel,Implementation,Enterprise,12/1/2025
2710,Automotive and Industrial,NA,Fees,License,SMB,9/1/2023
2711,Automotive and Industrial,NA,Fees,Implementation,SMB,9/1/2023
3146,Automotive and Industrial,NA,Fees,License,SMB,10/1/2024
3147,Automotive and Industrial,NA,Fees,Implementation,SMB,10/1/2024
2761,BFSI,NA,Fees,License,Enterprise,10/1/2023
2762,BFSI,NA,Fees,Implementation,Enterprise,10/1/2023
2908,BFSI,NA,Travel,Implementation,Enterprise,12/1/2023
476,Automotive and Industrial,NA,Fees,License,Enterprise,1/1/2017
477,Automotive and Industrial,NA,Fees,Implementation,Enterprise,6/1/2017
523,CPG & Retail,NA,Fees,License,Enterprise,1/1/2017
524,CPG & Retail,NA,Fees,Implementation,Enterprise,1/1/2017
3235,CPG & Retail,NA,Fees,Implementation,Enterprise,10/1/2024
2991,CPG & Retail,NA,Fees,License,Enterprise,4/1/2024
2992,CPG & Retail,NA,Fees,Implementation,Enterprise,4/1/2024
3511,Chemicals/Oil/Gas/Resources,NA,Fees,License,Enterprise,5/1/2025
3512,Chemicals/Oil/Gas/Resources,NA,Fees,Implementation,Enterprise,5/1/2025
3871,Chemicals/Oil/Gas/Resources,NA,Travel,Implementation,Enterprise,12/1/2025
1035,Other Services,NA,Fees,License,Enterprise,6/1/2019
3179,Other Services,NA,Fees,Implementation,Enterprise,8/1/2024
3187,Other Services,NA,Fees,License,Enterprise,8/1/2024
3188,Other Services,NA,Fees,Implementation,Enterprise,8/1/2024
1222,Other Services,NA,Fees,License,Enterprise,6/1/2020
3575,Other Services,NA,Fees,License,SMB,7/1/2025
3266,Automotive and Industrial,EU,Fees,License,Enterprise,10/1/2024
3267,Automotive and Industrial,EU,Fees,Implementation,Enterprise,10/1/2024
2339,Life Sciences,LA,Fees,License,SMB,12/1/2022
552,Chemicals/Oil/Gas/Resources,NA,Fees,License,SMB,9/1/2018
2893,Other Services,NA,Fees,License,SMB,4/1/2024
2894,Other Services,NA,Fees,Implementation,SMB,5/1/2024
558,Other Services,EU,Fees,License,Enterprise,11/1/2018
561,Automotive and Industrial,NA,Fees,License,Enterprise,12/1/2017
1717,CPG & Retail,APAC,Fees,License,Enterprise,7/1/2021
1718,CPG & Retail,APAC,Fees,Implementation,Enterprise,7/1/2021
2160,Telecom/Media/Tech,EU,Fees,License,SMB,6/1/2022
2161,Telecom/Media/Tech,EU,Fees,Implementation,SMB,6/1/2022
567,Telecom/Media/Tech,NA,Fees,License,SMB,12/1/2017
3222,Chemicals/Oil/Gas/Resources,APAC,Fees,License,SMB,12/1/2024
2223,Automotive and Industrial,EU,Fees,License,SMB,8/1/2022
2598,CPG & Retail,APAC,Fees,License,Enterprise,6/1/2023
2305,Other Services,EU,Fees,License,Enterprise,11/1/2022
573,CPG & Retail,NA,Fees,License,Enterprise,12/1/2017
875,CPG & Retail,NA,Fees,License,Enterprise,12/1/2018
1021,CPG & Retail,NA,Travel,Implementation,Enterprise,5/1/2019
580,Automotive and Industrial,NA,Fees,License,Enterprise,1/1/2017
1901,Automotive and Industrial,NA,Fees,License,Enterprise,11/1/2021
581,Automotive and Industrial,NA,Fees,Services,Enterprise,1/1/2017
2058,Automotive and Industrial,NA,Fees,License,Enterprise,3/1/2022
2059,Automotive and Industrial,NA,Fees,Implementation,Enterprise,8/1/2022
2879,Other Services,NA,Fees,License,Enterprise,12/1/2023
2880,Other Services,NA,Fees,Implementation,Enterprise,1/1/2024
1846,CPG & Retail,NA,Fees,License,Enterprise,10/1/2021
2142,CPG & Retail,NA,Fees,License,Enterprise,6/1/2022
3291,Automotive and Industrial,APAC,Fees,License,Enterprise,11/1/2024
3292,Automotive and Industrial,APAC,Fees,Implementation,Enterprise,12/1/2024
1787,Other Services,NA,Fees,License,Enterprise,8/1/2021
3604,Other Services,NA,Fees,License,Enterprise,7/1/2025
3605,Other Services,NA,Fees,Implementation,Enterprise,7/1/2025
601,Life Sciences,NA,Fees,License,Enterprise,1/1/2017
604,Life Sciences,NA,Fees,License,Enterprise,4/1/2018
2588,CPG & Retail,NA,Fees,License,Enterprise,7/1/2023
2589,CPG & Retail,NA,Fees,Implementation,Enterprise,7/1/2023
2784,CPG & Retail,NA,Travel,Implementation,Enterprise,10/1/2023
2070,Life Sciences,NA,Fees,License,SMB,4/1/2022
2663,CPG & Retail,EU,Fees,License,Enterprise,8/1/2023
3034,CPG & Retail,EU,Travel,Implementation,Enterprise,4/1/2024
2980,Life Sciences,LA,Fees,License,SMB,3/1/2024
2981,Life Sciences,LA,Fees,Implementation,SMB,5/1/2024
3567,Automotive and Industrial,EU,Fees,Implementation,Enterprise,11/1/2025
3568,Automotive and Industrial,EU,Fees,License,Enterprise,10/1/2025
3682,Other Services,APAC,Fees,License,Enterprise,9/1/2025
3683,Other Services,APAC,Fees,Implementation,Enterprise,9/1/2025
1178,Chemicals/Oil/Gas/Resources,ME,Fees,License,Enterprise,1/1/2020
1175,Other Services,NA,Fees,License,Enterprise,12/1/2019
950,Automotive and Industrial,NA,Fees,License,SMB,3/1/2019
3321,CPG & Retail,EU,Fees,License,SMB,12/1/2024
2043,BFSI,NA,Fees,License,SMB,3/1/2022
2506,Telecom/Media/Tech,NA,Fees,License,SMB,4/1/2023
2507,Telecom/Media/Tech,NA,Fees,Implementation,SMB,4/1/2023
633,Life Sciences,NA,Fees,License,Enterprise,1/1/2017
634,Life Sciences,NA,Fees,Implementation,Enterprise,1/1/2017
3111,Life Sciences,NA,Fees,License,Enterprise,6/1/2024
3112,Life Sciences,NA,Fees,Implementation,Enterprise,7/1/2024
3418,Other Services,EU,Fees,License,SMB,2/1/2025
3419,Other Services,EU,Fees,Implementation,SMB,3/1/2025
3903,CPG & Retail,NA,Fees,License,Enterprise,6/1/2026
3137,Chemicals/Oil/Gas/Resources,ME,Fees,License,SMB,7/1/2024
3138,Chemicals/Oil/Gas/Resources,ME,Fees,Implementation,SMB,8/1/2024
3729,Chemicals/Oil/Gas/Resources,ME,Fees,Implementation,SMB,10/1/2025
3863,Chemicals/Oil/Gas/Resources,ME,Fees,Implementation,SMB,12/1/2025
3864,Chemicals/Oil/Gas/Resources,ME,Fees,Implementation,SMB,12/1/2025
3381,Chemicals/Oil/Gas/Resources,ME,Travel,Implementation,SMB,1/1/2025
3344,Telecom/Media/Tech,EU,Fees,License,SMB,1/1/2025
3345,Telecom/Media/Tech,EU,Fees,Implementation,SMB,1/1/2025
2704,Other Services,ME,Fees,License,Enterprise,9/1/2023
2705,Other Services,ME,Fees,Implementation,Enterprise,10/1/2023
3804,Other Services,ME,Fees,Implementation,Enterprise,12/1/2025
2928,Other Services,ME,Travel,Implementation,Enterprise,12/1/2023
2883,CPG & Retail,EU,Fees,License,Enterprise,1/1/2024
2884,CPG & Retail,EU,Fees,Implementation,Enterprise,1/1/2024
1750,Automotive and Industrial,EU,Fees,License,SMB,8/1/2021
2150,Chemicals/Oil/Gas/Resources,NA,Fees,License,Enterprise,6/1/2022
655,Life Sciences,NA,Fees,License,SMB,1/1/2017
1395,Chemicals/Oil/Gas/Resources,ME,Fees,License,SMB,11/1/2020
3163,Chemicals/Oil/Gas/Resources,NA,Fees,License,Enterprise,7/1/2024
3164,Chemicals/Oil/Gas/Resources,NA,Fees,Implementation,Enterprise,8/1/2024
661,Other Services,NA,Fees,License,Enterprise,1/1/2017
663,Other Services,NA,Fees,Implementation,Enterprise,1/1/2017
2949,Other Services,NA,Fees,Implementation,Enterprise,2/1/2024
877,Energy & Utilities,NA,Fees,License,Enterprise,12/1/2018
1115,Automotive and Industrial,NA,Fees,License,Enterprise,9/1/2019
1830,Chemicals/Oil/Gas/Resources,NA,Fees,License,Enterprise,10/1/2021
2077,Other Services,ME,Fees,License,SMB,4/1/2022
3882,Energy & Utilities,NA,Fees,Implementation,Enterprise,12/1/2025
3884,Energy & Utilities,NA,Fees,License,Enterprise,3/1/2026
2376,Chemicals/Oil/Gas/Resources,NA,Fees,License,Enterprise,4/1/2023
2377,Chemicals/Oil/Gas/Resources,NA,Fees,Implementation,Enterprise,4/1/2023
1818,Other Services,APAC,Fees,License,Enterprise,9/1/2021
1591,CPG & Retail,NA,Fees,License,Enterprise,3/1/2021
1495,Life Sciences,NA,Fees,License,Enterprise,3/1/2021
3050,Chemicals/Oil/Gas/Resources,APAC,Fees,Implementation,SMB,5/1/2024
1872,CPG & Retail,APAC,Fees,Services,Enterprise,10/1/2021
2683,Automotive and Industrial,NA,Fees,License,SMB,9/1/2023
3351,Automotive and Industrial,NA,Fees,License,SMB,1/1/2025
3352,Automotive and Industrial,NA,Fees,Implementation,SMB,2/1/2025
2930,Life Sciences,EU,Fees,License,Enterprise,7/1/2024
2434,Life Sciences,EU,Fees,Implementation,Enterprise,12/1/2022
3896,Life Sciences,EU,Fees,Implementation,Enterprise,1/1/2026
3272,Life Sciences,EU,Fees,License,Enterprise,10/1/2024
3273,Life Sciences,EU,Fees,Implementation,Enterprise,10/1/2024
3577,Chemicals/Oil/Gas/Resources,NA,Fees,License,Enterprise,7/1/2025
3578,Chemicals/Oil/Gas/Resources,NA,Fees,Implementation,Enterprise,7/1/2025
3639,Other Services,APAC,Fees,License,SMB,1/1/2026
3640,Other Services,APAC,Fees,Implementation,SMB,8/1/2025
883,Chemicals/Oil/Gas/Resources,APAC,Fees,License,Enterprise,12/1/2018
2553,Chemicals/Oil/Gas/Resources,APAC,Fees,Implementation,Enterprise,5/1/2023
2557,Chemicals/Oil/Gas/Resources,APAC,Travel,Implementation,Enterprise,5/1/2023
2082,Chemicals/Oil/Gas/Resources,APAC,Fees,Implementation,Enterprise,3/1/2022
3799,Chemicals/Oil/Gas/Resources,APAC,Fees,Implementation,Enterprise,11/1/2025
3251,Chemicals/Oil/Gas/Resources,APAC,Fees,Implementation,Enterprise,10/1/2024
2622,Chemicals/Oil/Gas/Resources,APAC,Fees,Implementation,Enterprise,7/1/2023
3265,Chemicals/Oil/Gas/Resources,APAC,Fees,Implementation,Enterprise,10/1/2024
3834,Chemicals/Oil/Gas/Resources,APAC,Fees,Implementation,Enterprise,1/1/2026
977,Chemicals/Oil/Gas/Resources,APAC,Fees,License,Enterprise,4/1/2019
3093,Chemicals/Oil/Gas/Resources,APAC,Fees,Implementation,Enterprise,6/1/2024
1000,Chemicals/Oil/Gas/Resources,APAC,Fees,License,Enterprise,5/1/2019
1307,Chemicals/Oil/Gas/Resources,APAC,Fees,Implementation,Enterprise,4/1/2020
2715,Chemicals/Oil/Gas/Resources,APAC,Fees,License,Enterprise,9/1/2023
1756,Chemicals/Oil/Gas/Resources,NA,Fees,License,Enterprise,8/1/2021
1860,Other Services,EU,Fees,License,SMB,10/1/2021
2276,Other Services,EU,Fees,License,SMB,10/1/2022
3177,Life Sciences,APAC,Fees,License,SMB,8/1/2024
3178,Life Sciences,APAC,Fees,Implementation,SMB,9/1/2024
3360,Life Sciences,APAC,Travel,Implementation,SMB,12/1/2024
3289,Chemicals/Oil/Gas/Resources,NA,Fees,Implementation,Enterprise,11/1/2024
3855,Chemicals/Oil/Gas/Resources,NA,Fees,License,Enterprise,12/1/2025
3856,Chemicals/Oil/Gas/Resources,NA,Fees,Implementation,Enterprise,1/1/2026
2940,Other Services,NA,Fees,License,SMB,2/1/2024
2941,Other Services,NA,Fees,Services,SMB,2/1/2024
2965,Other Services,NA,Fees,License,SMB,2/1/2024
2966,Other Services,NA,Fees,Implementation,SMB,3/1/2024
2479,Life Sciences,NA,Fees,License,SMB,3/1/2023
2477,Life Sciences,NA,Fees,Implementation,SMB,4/1/2023
2757,BFSI,NA,Fees,License,Enterprise,9/1/2023
2736,BFSI,NA,Fees,Implementation,Enterprise,10/1/2023
2925,BFSI,NA,Travel,Implementation,Enterprise,12/1/2023
1158,Chemicals/Oil/Gas/Resources,APAC,Fees,License,Enterprise,1/1/2020
1157,Chemicals/Oil/Gas/Resources,APAC,Fees,Implementation,Enterprise,1/1/2020
1709,Chemicals/Oil/Gas/Resources,APAC,Fees,License,Enterprise,2/1/2022
2636,Chemicals/Oil/Gas/Resources,APAC,Fees,License,Enterprise,7/1/2023
2637,Chemicals/Oil/Gas/Resources,APAC,Fees,License,Enterprise,7/1/2023
3231,Chemicals/Oil/Gas/Resources,APAC,Fees,License,Enterprise,9/1/2024
3056,Chemicals/Oil/Gas/Resources,APAC,Fees,Implementation,Enterprise,5/1/2024
3057,Chemicals/Oil/Gas/Resources,APAC,Travel,Implementation,Enterprise,5/1/2024
2601,Other Services,EU,Fees,License,SMB,9/1/2023
2602,Other Services,EU,Fees,Implementation,SMB,10/1/2023
3645,Other Services,NA,Fees,License,SMB,7/1/2025
3646,Other Services,NA,Fees,Implementation,SMB,8/1/2025
1511,Chemicals/Oil/Gas/Resources,APAC,Fees,License,SMB,1/1/2021
1869,Chemicals/Oil/Gas/Resources,APAC,Fees,License,SMB,3/1/2022
2846,Chemicals/Oil/Gas/Resources,APAC,Fees,Implementation,SMB,11/1/2023
3388,Chemicals/Oil/Gas/Resources,APAC,Fees,License,SMB,1/1/2025
3387,Chemicals/Oil/Gas/Resources,APAC,Fees,Implementation,SMB,2/1/2025
3756,Chemicals/Oil/Gas/Resources,APAC,Fees,Implementation,SMB,9/1/2025
2632,Chemicals/Oil/Gas/Resources,APAC,Fees,License,SMB,7/1/2023
2633,Chemicals/Oil/Gas/Resources,APAC,Fees,License,SMB,11/1/2023
2671,Other Services,APAC,Fees,License,SMB,8/1/2023
2672,Other Services,APAC,Fees,Implementation,SMB,8/1/2023
2927,Other Services,APAC,Travel,Implementation,SMB,12/1/2023
1516,Other Services,EU,Fees,License,Enterprise,1/1/2021
3737,Automotive and Industrial,EU,Fees,License,SMB,11/1/2025
3738,Automotive and Industrial,EU,Fees,Implementation,SMB,1/1/2026
2268,Chemicals/Oil/Gas/Resources,APAC,Fees,License,Enterprise,10/1/2022
2389,Other Services,NA,Fees,License,SMB,1/1/2023
1338,Chemicals/Oil/Gas/Resources,ME,Fees,License,SMB,5/1/2020
1677,Chemicals/Oil/Gas/Resources,ME,Fees,License,SMB,6/1/2021
1678,Chemicals/Oil/Gas/Resources,ME,Fees,Implementation,SMB,6/1/2021
2018,CPG & Retail,LA,Fees,License,SMB,1/1/2022
1903,Other Services,EU,Fees,License,Enterprise,11/1/2021
2699,Automotive and Industrial,NA,Fees,License,SMB,10/1/2023
2700,Automotive and Industrial,NA,Fees,Implementation,SMB,10/1/2023
3798,CPG & Retail,NA,Fees,Services,Enterprise,12/1/2025
3208,CPG & Retail,NA,Fees,License,Enterprise,9/1/2024
1593,BFSI,NA,Fees,License,Enterprise,3/1/2021
720,BFSI,EU,Fees,License,Enterprise,10/1/2018
721,BFSI,EU,Fees,Implementation,Enterprise,11/1/2018
1754,BFSI,EU,Fees,License,Enterprise,8/1/2021
2776,Telecom/Media/Tech,NA,Fees,License,Enterprise,2/1/2024
2777,Telecom/Media/Tech,NA,Fees,Implementation,Enterprise,11/1/2023
3375,Private Equity,NA,Fees,Implementation,SMB,1/1/2025
3390,Private Equity,NA,Fees,Implementation,SMB,1/1/2025
1402,Chemicals/Oil/Gas/Resources,NA,Fees,License,Enterprise,8/1/2020
2629,Other Services,LA,Fees,License,SMB,8/1/2023
3385,Other Services,LA,Fees,License,SMB,1/1/2025
3574,Other Services,LA,Fees,License,SMB,7/1/2025
3784,Other Services,LA,Fees,Implementation,SMB,10/1/2025
728,Automotive and Industrial,NA,Fees,License,SMB,1/1/2017
729,Automotive and Industrial,NA,Fees,Implementation,SMB,1/1/2017
3742,CPG & Retail,APAC,Fees,License,Enterprise,10/1/2025
3743,CPG & Retail,APAC,Fees,Implementation,Enterprise,11/1/2025
2891,Other Services,NA,Fees,License,Enterprise,5/1/2024
2892,Other Services,NA,Fees,Implementation,Enterprise,2/1/2024
3230,Other Services,NA,Travel,Implementation,Enterprise,9/1/2024
743,Other Services,EU,Fees,License,Enterprise,1/1/2019
752,Other Services,NA,Fees,License,Enterprise,1/1/2017
753,Other Services,NA,Fees,Implementation,Enterprise,1/1/2017
3674,Telecom/Media/Tech,EU,Fees,License,SMB,8/1/2025
3675,Telecom/Media/Tech,EU,Fees,Implementation,SMB,9/1/2025
1688,CPG & Retail,NA,Fees,License,Enterprise,6/1/2021
1690,CPG & Retail,NA,Fees,License,Enterprise,6/1/2021
1924,CPG & Retail,NA,Fees,License,Enterprise,11/1/2021
2556,Automotive and Industrial,EU,Fees,License,Enterprise,5/1/2023
1010,Automotive and Industrial,EU,Fees,Implementation,Enterprise,12/1/2018
1011,Automotive and Industrial,EU,Fees,License,Enterprise,12/1/2018
1975,Automotive and Industrial,EU,Fees,License,Enterprise,1/1/2022
760,Life Sciences,NA,Fees,License,Enterprise,1/1/2017
761,Life Sciences,NA,Fees,Implementation,Enterprise,5/1/2019
1028,CPG & Retail,EU,Fees,License,Enterprise,6/1/2019
2618,CPG & Retail,EU,Fees,License,SMB,7/1/2023
943,Other Services,NA,Fees,License,Enterprise,4/1/2019
3844,Other Services,NA,Fees,License,Enterprise,1/1/2026
944,Other Services,NA,Fees,Implementation,Enterprise,4/1/2019
1066,Other Services,NA,Fees,License,Enterprise,7/1/2019
3152,BFSI,NA,Fees,License,Enterprise,7/1/2024
3153,BFSI,NA,Fees,Implementation,Enterprise,8/1/2024
1629,Other Services,EU,Fees,License,SMB,4/1/2021
1832,Other Services,EU,Fees,License,SMB,10/1/2021
2152,Life Sciences,EU,Fees,License,Enterprise,6/1/2022
2068,Automotive and Industrial,NA,Fees,License,SMB,4/1/2022
782,BFSI,NA,Fees,License,Enterprise,10/1/2018
2888,BFSI,NA,Fees,License,Enterprise,10/1/2023
2199,Telecom/Media/Tech,NA,Fees,License,Enterprise,7/1/2022
2200,Telecom/Media/Tech,NA,Fees,Implementation,Enterprise,8/1/2022
1554,Energy & Utilities,NA,Fees,License,Enterprise,2/1/2021
3022,Energy & Utilities,NA,Fees,License,Enterprise,4/1/2024
2596,Energy & Utilities,NA,Fees,License,Enterprise,6/1/2023
2597,Energy & Utilities,NA,Fees,Implementation,Enterprise,7/1/2023
2929,Energy & Utilities,NA,Travel,Implementation,Enterprise,12/1/2023
792,CPG & Retail,EU,Fees,License,Enterprise,1/1/2017
1111,Automotive and Industrial,APAC,Fees,License,Enterprise,10/1/2019
1520,Automotive and Industrial,APAC,Fees,License,Enterprise,1/1/2021
2414,Other Services,NA,Fees,License,SMB,1/1/2023
1454,Telecom/Media/Tech,EU,Fees,License,Enterprise,10/1/2020
1455,Telecom/Media/Tech,EU,Fees,Implementation,Enterprise,11/1/2020
3067,Other Services,EU,Fees,License,SMB,6/1/2024
3068,Other Services,EU,Fees,Implementation,SMB,6/1/2024
1187,BFSI,EU,Fees,License,SMB,1/1/2020
1186,BFSI,EU,Fees,Implementation,SMB,1/1/2020
3275,BFSI,EU,Fees,License,SMB,10/1/2024
1202,CPG & Retail,EU,Fees,License,SMB,1/1/2020
1373,CPG & Retail,EU,Fees,License,SMB,7/1/2020
1385,CPG & Retail,EU,Fees,License,SMB,8/1/2020
1425,CPG & Retail,EU,Fees,License,SMB,9/1/2020
1633,CPG & Retail,EU,Fees,License,SMB,5/1/2021
1375,Public Sector,NA,Fees,License,SMB,7/1/2020
1723,Public Sector,NA,Fees,License,SMB,7/1/2021
1968,Public Sector,NA,Fees,License,SMB,1/1/2022
2938,Chemicals/Oil/Gas/Resources,NA,Fees,License,SMB,2/1/2024
2939,Chemicals/Oil/Gas/Resources,NA,Fees,Implementation,SMB,2/1/2024
1597,Life Sciences,NA,Fees,License,Enterprise,3/1/2021
3032,Life Sciences,NA,Fees,License,Enterprise,10/1/2023
2299,Life Sciences,NA,Fees,License,Enterprise,11/1/2022
3719,CPG & Retail,NA,Fees,License,SMB,10/1/2025
3720,CPG & Retail,NA,Fees,Implementation,SMB,10/1/2025
3731,Public Sector,NA,Fees,License,Enterprise,10/1/2025
3732,Public Sector,NA,Fees,Implementation,Enterprise,10/1/2025
3733,Public Sector,NA,Fees,Implementation,Enterprise,8/1/2026
1209,CPG & Retail,NA,Fees,License,Enterprise,1/1/2020
2595,CPG & Retail,NA,Fees,License,Enterprise,6/1/2023
1210,CPG & Retail,NA,Fees,Implementation,Enterprise,1/1/2020
2592,BFSI,EU,Fees,License,SMB,6/1/2023
2593,BFSI,EU,Fees,Implementation,SMB,6/1/2023
2790,BFSI,EU,Travel,Implementation,SMB,10/1/2023
2749,Chemicals/Oil/Gas/Resources,APAC,Fees,License,SMB,11/1/2023
2750,Chemicals/Oil/Gas/Resources,APAC,Fees,Implementation,SMB,11/1/2023
3451,BFSI,NA,Fees,License,SMB,7/1/2025
3452,BFSI,NA,Fees,Implementation,SMB,7/1/2025
820,Public Sector,NA,Fees,License,Enterprise,6/1/2017
3079,BFSI,NA,Fees,License,Enterprise,6/1/2024
3080,BFSI,NA,Fees,Implementation,Enterprise,6/1/2024
3460,Public Sector,EU,Fees,License,SMB,5/1/2025
3461,Public Sector,EU,Fees,Implementation,SMB,5/1/2025
3763,Public Sector,EU,Travel,Implementation,SMB,10/1/2025
3329,Public Sector,APAC,Fees,License,SMB,12/1/2024
3330,Public Sector,APAC,Fees,Implementation,SMB,3/1/2025
827,Public Sector,APAC,Fees,License,Enterprise,1/1/2017
2386,Automotive and Industrial,EU,Fees,License,Enterprise,3/1/2023
2471,Automotive and Industrial,EU,Fees,Implementation,Enterprise,4/1/2023
3284,Unilever,EU,Fees,License,Enterprise,11/1/2024
3193,Unilever,EU,Fees,Implementation,Enterprise,8/1/2024
3391,Unilever,EU,Fees,Implementation,Enterprise,1/1/2025
3475,Unilever,EU,Fees,Implementation,Enterprise,1/1/2025
3702,Unilever,EU,Fees,License,Enterprise,1/1/2026
3811,Unilever,EU,Fees,License,Enterprise,1/1/2026
3597,Unilever,EU,Fees,License,Enterprise,1/1/2026
3812,Unilever,EU,Fees,License,Enterprise,1/1/2026
2911,Other Services,EU,Fees,License,SMB,3/1/2024
2951,Other Services,EU,Fees,Implementation,SMB,2/1/2024
3113,CPG & Retail,NA,Fees,License,SMB,7/1/2024
3114,CPG & Retail,NA,Fees,Implementation,SMB,7/1/2024
3286,Other Services,NA,Fees,License,Enterprise,11/1/2024
3287,Other Services,NA,Fees,Implementation,Enterprise,1/1/2025
2625,Automotive and Industrial,EU,Fees,License,Enterprise,7/1/2023
2626,Automotive and Industrial,EU,Fees,Implementation,Enterprise,7/1/2023
1725,BFSI,NA,Fees,License,Enterprise,7/1/2021
1481,Other Services,NA,Fees,License,Enterprise,7/1/2021
3104,Chemicals/Oil/Gas/Resources,NA,Fees,License,SMB,7/1/2024
3105,Chemicals/Oil/Gas/Resources,NA,Fees,Implementation,SMB,6/1/2024
2624,CPG & Retail,NA,Fees,Services,Enterprise,7/1/2023
3601,Automotive and Industrial,EU,Fees,License,Enterprise,8/1/2025
3602,Automotive and Industrial,EU,Fees,License,Enterprise,8/1/2025
3357,Other Services,EU,Fees,License,SMB,12/1/2024
3358,Other Services,EU,Fees,Implementation,SMB,12/1/2024
2844,Automotive and Industrial,NA,Fees,License,Enterprise,11/1/2023
2794,Automotive and Industrial,NA,Fees,Implementation,Enterprise,10/1/2023
3125,CPG & Retail,EU,Fees,License,SMB,8/1/2024
3126,CPG & Retail,EU,Fees,Implementation,SMB,9/1/2024
3195,CPG & Retail,NA,Fees,Services,Enterprise,9/1/2024
3748,CPG & Retail,NA,Fees,Services,Enterprise,10/1/2025
2899,Other Services,EU,Fees,License,SMB,2/1/2024
2900,Other Services,EU,Fees,Implementation,SMB,2/1/2024
3264,Other Services,EU,Fees,License,SMB,10/1/2024
3013,Telecom/Media/Tech,EU,Fees,License,Enterprise,4/1/2024
3014,Telecom/Media/Tech,EU,Fees,Implementation,Enterprise,4/1/2024
847,Other Services,NA,Fees,License,Enterprise,1/1/2017
848,Other Services,NA,Fees,License,Enterprise,4/1/2018
850,Automotive and Industrial,NA,Fees,License,Enterprise,1/1/2017
851,Automotive and Industrial,NA,Fees,Implementation,Enterprise,10/1/2017
2806,Automotive and Industrial,NA,Fees,License,Enterprise,1/1/2024
861,Automotive and Industrial,NA,Fees,License,Enterprise,1/1/2018
2692,Automotive and Industrial,NA,Fees,License,Enterprise,12/1/2022
2903,Automotive and Industrial,NA,Fees,Services,Enterprise,1/1/2024
1249,Automotive and Industrial,NA,Fees,Services,Enterprise,1/1/2020
2545,Automotive and Industrial,LA,Fees,License,Enterprise,5/1/2023
864,BFSI,EU,Fees,License,SMB,1/1/2017
2426,Other Services,LA,Fees,License,SMB,7/1/2022
